filename,width,height,class,xmin,ymin,xmax,ymax
s1009.jpg,750,500,pod,1,52,97,419
s102.jpg,750,500,yellow,1,2,215,180
s102.jpg,750,500,yellow,269,65,492,282
s102.jpg,750,500,yellow,481,3,677,197
s102.jpg,750,500,bud,267,3,368,60
s102.jpg,750,500,bud,397,9,531,55
s1044.jpg,750,500,yellow,25,192,483,500
s1044.jpg,750,500,yellow,435,191,748,496
s1045.jpg,750,500,bud,89,46,189,257
s1045.jpg,750,500,bud,163,172,325,289
s1045.jpg,750,500,bud,296,185,381,376
s1045.jpg,750,500,bud,367,163,455,323
s1045.jpg,750,500,bud,158,388,313,494
s1045.jpg,750,500,bud,377,406,626,495
s1045.jpg,750,500,white,166,12,422,151
s1045.jpg,750,500,yellow,3,159,175,479
s1052.jpg,750,500,yellow,12,2,687,154
s1052.jpg,750,500,yellow,10,179,297,500
s1053.jpg,750,500,yellow,17,119,442,500
s1053.jpg,750,500,bud,346,3,584,80
s1061.jpg,750,500,yellow,4,4,342,389
s1116.jpg,750,500,white,244,3,749,496
s1124.jpg,750,500,white,148,202,601,494
s1124.jpg,750,500,white,371,6,673,175
s1124.jpg,750,500,bud,628,43,750,167
s1125.jpg,750,500,white,5,4,547,395
s1125.jpg,750,500,bud,1,2,68,89
s1158.jpg,750,500,pod,190,126,744,182
s1158.jpg,750,500,pod,379,3,669,77
s1167.jpg,750,500,pod,277,30,750,183
s1179.jpg,750,500,pod,413,5,597,151
s1182.jpg,750,500,white,255,303,445,500
s1188.jpg,750,500,white,30,1,466,286
s1188.jpg,750,500,white,454,66,750,382
s1189.jpg,750,500,white,1,3,398,182
s1189.jpg,750,500,white,4,38,187,398
s1189.jpg,750,500,white,365,165,700,500
s1189.jpg,750,500,pod,98,213,467,301
s1190.jpg,750,500,white,82,11,558,343
s1198.jpg,750,500,white,477,106,750,483
s1205.jpg,750,500,pod,240,207,612,470
s1205.jpg,750,500,pod,263,8,439,76
s1211.jpg,750,500,white,452,262,748,500
s1211.jpg,750,500,white,3,249,437,500
s1211.jpg,750,500,white,188,9,575,171
s1211.jpg,750,500,bud,651,123,750,313
s1250.jpg,750,500,white,2,1,421,500
s1250.jpg,750,500,pod,221,113,513,243
s1253.jpg,750,500,white,2,1,494,337
s1269.jpg,750,500,white,223,6,678,280
s1305.jpg,750,500,pod,327,5,611,291
s1308.jpg,750,500,white,287,35,750,493
s1315.jpg,750,500,white,117,1,420,331
s1336.jpg,750,500,pod,328,9,663,56
s1344.jpg,750,500,pod,7,95,457,264
s1365.jpg,750,500,yellow,299,41,590,348
s1365.jpg,750,500,yellow,340,171,748,500
s1372.jpg,750,500,yellow,309,5,746,189
s1372.jpg,750,500,yellow,214,133,742,500
s1373.jpg,750,500,yellow,268,155,733,500
s1373.jpg,750,500,yellow,389,4,687,92
s1373.jpg,750,500,yellow,3,2,265,210
s1373.jpg,750,500,yellow,2,187,137,382
s1373.jpg,750,500,bud,214,420,307,492
s1380.jpg,750,500,bud,95,239,323,481
s1380.jpg,750,500,bud,10,347,381,494
s1380.jpg,750,500,bud,522,324,664,474
s1380.jpg,750,500,yellow,179,4,733,371
s1381.jpg,750,500,yellow,4,2,741,479
s1388.jpg,750,500,bud,155,285,282,472
s1388.jpg,750,500,bud,259,280,426,497
s1388.jpg,750,500,bud,431,127,585,282
s1388.jpg,750,500,bud,96,158,220,308
s1388.jpg,750,500,bud,142,46,315,192
s1388.jpg,750,500,bud,237,12,359,143
s1388.jpg,750,500,yellow,458,10,750,412
s1389.jpg,750,500,yellow,3,2,516,500
s1436.jpg,750,500,bud,269,425,387,489
s1436.jpg,750,500,bud,428,418,564,475
s1436.jpg,750,500,bud,400,378,508,434
s1436.jpg,750,500,bud,503,370,585,435
s1436.jpg,750,500,bud,394,289,462,381
s1436.jpg,750,500,bud,258,388,344,440
s1436.jpg,750,500,bud,226,364,296,436
s1436.jpg,750,500,bud,194,314,281,380
s1436.jpg,750,500,bud,277,310,351,389
s1436.jpg,750,500,bud,291,270,388,350
s1436.jpg,750,500,bud,212,227,318,328
s1436.jpg,750,500,bud,309,178,406,274
s1436.jpg,750,500,bud,378,237,452,324
s1436.jpg,750,500,yellow,416,61,733,393
s1437.jpg,750,500,yellow,45,85,284,273
s1437.jpg,750,500,yellow,79,274,307,382
s1437.jpg,750,500,yellow,73,388,310,500
s1444.jpg,750,500,bud,184,6,318,46
s1444.jpg,750,500,bud,254,32,391,131
s1444.jpg,750,500,bud,388,14,480,78
s1444.jpg,750,500,yellow,437,36,734,286
s1444.jpg,750,500,yellow,566,193,749,384
s1476.jpg,750,500,pod,177,136,281,500
s1477.jpg,750,500,pod,93,12,391,427
s1479.jpg,750,500,pod,297,132,444,480
s148.jpg,750,500,yellow,507,271,750,499
s1482.jpg,750,500,pod,153,89,226,413
s1482.jpg,750,500,pod,6,295,90,500
s1482.jpg,750,500,white,7,195,155,336
s1483.jpg,750,500,pod,7,1,98,221
s1483.jpg,750,500,pod,620,228,733,494
s1484.jpg,750,500,bud,46,256,141,375
s149.jpg,750,500,yellow,19,205,293,429
s149.jpg,750,500,yellow,30,338,203,498
s149.jpg,750,500,yellow,214,406,387,500
s149.jpg,750,500,pod,108,84,343,164
s149.jpg,750,500,pod,378,353,467,500
s149.jpg,750,500,pod,699,432,750,483
s1490.jpg,750,500,pod,28,4,145,263
s1492.jpg,750,500,pod,245,2,365,344
s1493.jpg,750,500,white,4,414,328,500
s1498.jpg,750,500,pod,84,163,155,392
s1498.jpg,750,500,pod,222,135,317,465
s1499.jpg,750,500,pod,82,112,206,356
s1500.jpg,750,500,yellow,476,7,746,228
s1501.jpg,750,500,white,31,278,339,486
s1501.jpg,750,500,yellow,28,10,193,225
s1505.jpg,750,500,pod,171,16,297,500
s1505.jpg,750,500,pod,558,125,657,497
s1506.jpg,750,500,pod,209,122,443,492
s1507.jpg,750,500,bud,76,9,143,91
s1507.jpg,750,500,bud,135,6,217,111
s1507.jpg,750,500,bud,342,194,421,362
s1507.jpg,750,500,pod,581,43,746,489
s151.jpg,750,500,pod,132,270,315,361
s151.jpg,750,500,pod,79,348,318,412
s1515.jpg,750,500,bud,112,434,213,496
s1515.jpg,750,500,bud,205,428,285,487
s1515.jpg,750,500,bud,248,443,322,496
s1515.jpg,750,500,bud,293,405,387,498
s1522.jpg,750,500,white,5,254,263,453
s1523.jpg,750,500,bud,242,267,351,347
s1523.jpg,750,500,bud,136,1,216,62
s1523.jpg,750,500,bud,246,6,307,53
s1523.jpg,750,500,bud,319,5,370,32
s1526.jpg,750,500,pod,399,12,442,196
s1526.jpg,750,500,pod,472,14,542,251
s1527.jpg,750,500,white,227,6,481,211
s1527.jpg,750,500,white,362,223,593,456
s1529.jpg,750,500,pod,579,91,741,215
s1530.jpg,750,500,pod,127,369,244,493
s1530.jpg,750,500,pod,440,83,554,351
s1530.jpg,750,500,pod,576,406,688,493
s1532.jpg,750,500,pod,187,20,351,482
s1556.jpg,750,500,white,16,32,491,500
s1556.jpg,750,500,white,613,22,750,246
s156.jpg,750,500,bud,486,5,579,55
s156.jpg,750,500,bud,446,35,533,96
s156.jpg,750,500,bud,523,70,612,148
s156.jpg,750,500,bud,417,121,603,200
s156.jpg,750,500,bud,657,43,748,148
s156.jpg,750,500,yellow,493,154,749,355
s156.jpg,750,500,yellow,606,318,750,497
s1562.jpg,750,500,bud,6,182,112,361
s1562.jpg,750,500,bud,432,7,559,71
s157.jpg,750,500,bud,64,344,177,446
s157.jpg,750,500,bud,149,419,245,496
s157.jpg,750,500,bud,236,401,331,476
s157.jpg,750,500,yellow,89,83,345,307
s157.jpg,750,500,yellow,420,245,720,489
s157.jpg,750,500,yellow,217,9,494,153
s1572.jpg,750,500,white,305,107,736,496
s1572.jpg,750,500,white,2,206,206,488
s158.jpg,750,500,pod,119,161,260,242
s158.jpg,750,500,pod,263,117,423,184
s1582.jpg,750,500,yellow,406,7,542,201
s165.jpg,750,500,bud,39,11,126,65
s165.jpg,750,500,bud,140,52,212,113
s165.jpg,750,500,bud,230,55,343,179
s165.jpg,750,500,bud,115,113,195,234
s165.jpg,750,500,bud,18,61,123,203
s165.jpg,750,500,yellow,302,9,612,247
s1654.jpg,750,500,pod,406,118,636,500
s1655.jpg,750,500,pod,428,314,750,491
s1664.jpg,750,500,pod,40,15,733,423
s1665.jpg,750,500,bud,716,120,735,145
s1665.jpg,750,500,bud,721,97,741,123
s1665.jpg,750,500,bud,739,111,750,128
s1665.jpg,750,500,bud,735,129,750,158
s1665.jpg,750,500,bud,388,415,408,439
s1665.jpg,750,500,bud,383,433,408,451
s1665.jpg,750,500,bud,398,433,420,461
s1665.jpg,750,500,bud,386,450,404,470
s1667.jpg,750,500,bud,8,135,25,176
s1667.jpg,750,500,bud,24,148,45,180
s1667.jpg,750,500,bud,39,140,58,158
s1667.jpg,750,500,bud,61,134,76,151
s1667.jpg,750,500,bud,57,154,79,182
s1667.jpg,750,500,bud,76,159,117,209
s1667.jpg,750,500,bud,77,145,94,166
s1667.jpg,750,500,bud,98,132,130,160
s1667.jpg,750,500,bud,43,110,70,141
s1667.jpg,750,500,white,332,18,402,93
s1667.jpg,750,500,white,355,1,458,62
s1667.jpg,750,500,white,527,16,661,119
s1668.jpg,750,500,bud,589,189,602,205
s1668.jpg,750,500,bud,599,195,614,210
s1668.jpg,750,500,bud,614,200,626,218
s1668.jpg,750,500,bud,616,105,642,149
s1668.jpg,750,500,bud,645,111,664,159
s1668.jpg,750,500,bud,650,151,682,195
s1668.jpg,750,500,bud,661,142,674,158
s1668.jpg,750,500,bud,672,133,691,155
s1669.jpg,750,500,bud,489,218,506,252
s1669.jpg,750,500,bud,498,193,522,221
s1669.jpg,750,500,bud,514,215,543,239
s1669.jpg,750,500,bud,538,199,567,231
s1669.jpg,750,500,bud,541,239,581,280
s1675.jpg,750,500,bud,591,363,612,379
s1675.jpg,750,500,bud,589,385,612,408
s1675.jpg,750,500,bud,718,360,735,385
s1675.jpg,750,500,bud,706,230,717,240
s1675.jpg,750,500,bud,709,237,726,265
s1675.jpg,750,500,bud,718,225,731,242
s1675.jpg,750,500,bud,732,219,748,245
s1675.jpg,750,500,bud,692,104,725,156
s1675.jpg,750,500,bud,708,71,733,107
s1675.jpg,750,500,bud,728,83,744,112
s1675.jpg,750,500,bud,722,57,743,83
s1676.jpg,750,500,bud,12,74,38,101
s1676.jpg,750,500,bud,27,95,63,124
s1676.jpg,750,500,bud,21,125,50,162
s1676.jpg,750,500,bud,4,123,26,151
s1676.jpg,750,500,bud,4,97,31,127
s1676.jpg,750,500,bud,2,237,18,260
s1676.jpg,750,500,bud,1,288,38,337
s1676.jpg,750,500,bud,8,418,40,453
s1676.jpg,750,500,bud,102,341,151,369
s1676.jpg,750,500,bud,69,292,97,322
s1676.jpg,750,500,bud,109,287,139,309
s1676.jpg,750,500,bud,93,298,149,347
s1676.jpg,750,500,bud,135,260,148,288
s1676.jpg,750,500,bud,146,253,168,290
s1676.jpg,750,500,bud,117,270,132,286
s1676.jpg,750,500,bud,105,267,120,283
s1676.jpg,750,500,bud,85,254,107,285
s1676.jpg,750,500,bud,73,229,99,265
s1676.jpg,750,500,bud,95,214,121,255
s1676.jpg,750,500,bud,112,224,140,265
s1683.jpg,750,500,bud,725,124,734,135
s1683.jpg,750,500,bud,718,113,725,124
s1683.jpg,750,500,bud,714,123,726,138
s1690.jpg,750,500,bud,448,270,468,295
s1690.jpg,750,500,bud,465,261,480,279
s1690.jpg,750,500,bud,479,259,504,280
s1690.jpg,750,500,bud,468,277,487,298
s1690.jpg,750,500,bud,484,281,501,301
s1690.jpg,750,500,bud,496,273,529,298
s1695.jpg,750,500,bud,470,35,484,50
s1695.jpg,750,500,bud,472,5,490,16
s1695.jpg,750,500,bud,483,16,494,37
s1695.jpg,750,500,bud,495,7,513,28
s1695.jpg,750,500,bud,508,25,522,67
s1748.jpg,750,500,yellow,72,6,744,491
s1756.jpg,750,500,bud,365,120,494,229
s1756.jpg,750,500,pod,161,383,366,500
s1756.jpg,750,500,yellow,342,4,583,113
s1757.jpg,750,500,yellow,157,9,680,496
s1764.jpg,750,500,yellow,5,1,527,499
s1941.jpg,750,500,yellow,4,169,529,498
s1948.jpg,750,500,bud,307,137,520,330
s1948.jpg,750,500,yellow,136,158,516,500
s1956.jpg,750,500,yellow,22,6,625,257
s1957.jpg,750,500,yellow,182,14,741,424
s1965.jpg,750,500,yellow,552,214,746,498
s2090.jpg,750,500,pod,2,259,237,402
s2090.jpg,750,500,pod,209,2,441,224
s2090.jpg,750,500,yellow,621,230,748,475
s2147.jpg,750,500,yellow,373,22,724,384
s2148.jpg,750,500,yellow,10,173,749,497
s220.jpg,750,500,white,323,195,613,468
s220.jpg,750,500,bud,679,210,749,305
s220.jpg,750,500,white,671,419,750,498
s220.jpg,750,500,white,687,114,750,224
s2205.jpg,750,500,yellow,5,6,686,446
s2205.jpg,750,500,bud,578,400,699,498
s221.jpg,750,500,white,2,4,322,305
s221.jpg,750,500,bud,1,290,60,359
s221.jpg,750,500,white,10,434,209,498
s2212.jpg,750,500,yellow,421,96,750,494
s2213.jpg,750,500,bud,295,278,461,487
s2213.jpg,750,500,bud,217,2,413,84
s2213.jpg,750,500,bud,424,5,555,89
s2213.jpg,750,500,bud,580,6,691,97
s2213.jpg,750,500,yellow,4,25,199,495
s2214.jpg,750,500,yellow,10,53,507,497
s2262.jpg,750,500,bud,290,438,365,500
s2262.jpg,750,500,bud,370,458,428,500
s2262.jpg,750,500,bud,435,465,497,499
s2263.jpg,750,500,yellow,379,274,643,465
s2263.jpg,750,500,yellow,271,113,521,296
s2263.jpg,750,500,yellow,465,40,606,218
s2263.jpg,750,500,yellow,597,41,746,268
s2263.jpg,750,500,yellow,608,239,740,500
s2264.jpg,750,500,pod,494,339,575,492
s2269.jpg,750,500,yellow,353,407,554,500
s2269.jpg,750,500,yellow,562,142,750,467
s2270.jpg,750,500,yellow,11,153,146,470
s2270.jpg,750,500,bud,118,235,210,384
s2270.jpg,750,500,bud,207,257,292,367
s2270.jpg,750,500,bud,324,209,400,291
s2270.jpg,750,500,bud,363,360,469,460
s2270.jpg,750,500,bud,253,79,333,176
s2270.jpg,750,500,bud,335,81,406,152
s2270.jpg,750,500,bud,411,70,506,160
s2270.jpg,750,500,bud,437,109,554,249
s2270.jpg,750,500,yellow,346,227,645,496
s2270.jpg,750,500,bud,372,33,430,92
s2270.jpg,750,500,bud,425,3,492,67
s2270.jpg,750,500,bud,270,13,315,80
s2275.jpg,750,500,yellow,607,200,750,435
s2276.jpg,750,500,yellow,60,182,399,497
s2276.jpg,750,500,yellow,379,384,560,500
s2276.jpg,750,500,pod,470,311,495,404
s2276.jpg,750,500,pod,496,200,598,382
s2276.jpg,750,500,pod,672,312,749,424
s2276.jpg,750,500,pod,564,437,705,500
s2276.jpg,750,500,bud,78,78,146,174
s2276.jpg,750,500,bud,140,68,233,164
s2276.jpg,750,500,bud,248,125,325,229
s2276.jpg,750,500,bud,34,239,101,303
s2276.jpg,750,500,yellow,109,6,497,194
s2277.jpg,750,500,yellow,292,353,455,496
s2277.jpg,750,500,yellow,470,60,659,275
s2277.jpg,750,500,yellow,625,16,750,163
s2277.jpg,750,500,yellow,704,221,750,368
s2277.jpg,750,500,yellow,368,6,558,187
s2278.jpg,750,500,yellow,7,11,284,346
s2278.jpg,750,500,yellow,104,219,413,483
s2279.jpg,750,500,pod,8,343,527,465
s229.jpg,750,500,white,4,2,221,254
s2298.jpg,750,500,pod,44,196,440,467
s2298.jpg,750,500,pod,612,151,750,468
s2298.jpg,750,500,pod,686,28,750,144
s2298.jpg,750,500,pod,487,101,604,199
s2299.jpg,750,500,pod,483,288,605,499
s2304.jpg,750,500,pod,293,40,496,387
s2304.jpg,750,500,pod,585,403,659,494
s2305.jpg,750,500,pod,179,250,389,500
s234.jpg,750,500,white,461,180,748,433
s234.jpg,750,500,white,519,10,750,218
s234.jpg,750,500,white,423,85,533,212
s234.jpg,750,500,white,256,162,414,292
s2340.jpg,750,500,white,222,11,750,484
s2341.jpg,750,500,white,2,131,194,353
s2341.jpg,750,500,white,276,7,745,452
s235.jpg,750,500,bud,68,266,114,313
s235.jpg,750,500,white,123,260,363,477
s235.jpg,750,500,white,507,293,579,419
s235.jpg,750,500,white,557,9,725,150
s235.jpg,750,500,white,6,9,260,155
s235.jpg,750,500,white,6,265,59,390
s235.jpg,750,500,white,51,306,208,391
s2370.jpg,750,500,bud,73,419,159,498
s2378.jpg,750,500,bud,20,58,145,155
s2378.jpg,750,500,bud,28,24,99,79
s2378.jpg,750,500,bud,62,7,133,52
s2378.jpg,750,500,bud,108,45,149,81
s2395.jpg,750,500,white,518,46,750,286
s2403.jpg,750,500,white,562,50,750,406
s2404.jpg,750,500,white,4,29,115,331
s2404.jpg,750,500,white,100,5,474,108
s2404.jpg,750,500,white,499,8,656,208
s2406.jpg,750,500,bud,11,3,87,126
s2406.jpg,750,500,white,48,6,527,421
s2451.jpg,750,500,yellow,13,13,744,487
s2451.jpg,750,500,bud,577,232,729,415
s2452.jpg,750,500,yellow,5,14,668,386
s2459.jpg,750,500,yellow,249,8,544,110
s2459.jpg,750,500,yellow,115,75,639,485
s2511.jpg,750,500,white,37,6,184,185
s2596.jpg,750,500,yellow,118,283,293,495
s2596.jpg,750,500,yellow,353,301,750,497
s2596.jpg,750,500,yellow,576,15,750,327
s2597.jpg,750,500,yellow,10,9,216,250
s2597.jpg,750,500,yellow,17,162,705,491
s2597.jpg,750,500,yellow,541,32,750,244
s2604.jpg,750,500,bud,351,347,489,484
s2604.jpg,750,500,bud,496,209,615,316
s2604.jpg,750,500,yellow,5,5,501,464
s2604.jpg,750,500,yellow,385,5,745,172
s2604.jpg,750,500,yellow,660,174,750,466
s2605.jpg,750,500,yellow,6,2,256,89
s2605.jpg,750,500,yellow,286,9,517,180
s2605.jpg,750,500,yellow,15,145,502,482
s2605.jpg,750,500,yellow,341,202,717,498
s2605.jpg,750,500,bud,642,127,710,212
s2605.jpg,750,500,bud,605,200,669,252
s2605.jpg,750,500,bud,720,175,750,244
s2636.jpg,750,500,bud,3,171,218,334
s2636.jpg,750,500,bud,6,310,170,471
s2652.jpg,750,500,yellow,167,7,750,499
s2652.jpg,750,500,yellow,8,14,380,384
s2661.jpg,750,500,yellow,19,15,741,493
s2692.jpg,750,500,pod,294,86,430,281
s2692.jpg,750,500,bud,236,350,307,497
s2692.jpg,750,500,bud,273,328,354,432
s2692.jpg,750,500,bud,355,320,479,490
s2692.jpg,750,500,yellow,469,88,748,485
s2692.jpg,750,500,yellow,6,5,169,206
s2692.jpg,750,500,yellow,15,346,182,500
s2693.jpg,750,500,yellow,4,140,237,465
s2697.jpg,750,500,bud,662,312,724,409
s2697.jpg,750,500,bud,616,333,682,406
s2698.jpg,750,500,yellow,50,221,461,409
s2698.jpg,750,500,bud,11,238,75,416
s2699.jpg,750,500,yellow,515,18,750,291
s2700.jpg,750,500,yellow,7,6,250,321
s2708.jpg,750,500,bud,149,32,211,113
s2708.jpg,750,500,bud,233,11,290,79
s2708.jpg,750,500,bud,288,2,364,122
s2713.jpg,750,500,yellow,257,384,573,489
s2715.jpg,750,500,bud,233,163,314,317
s2715.jpg,750,500,bud,309,169,380,278
s2715.jpg,750,500,bud,415,304,514,409
s2715.jpg,750,500,bud,328,119,388,189
s2715.jpg,750,500,bud,412,112,477,211
s2715.jpg,750,500,bud,401,212,427,256
s2715.jpg,750,500,yellow,385,15,728,326
s2716.jpg,750,500,bud,21,152,91,289
s2716.jpg,750,500,bud,78,166,122,241
s2716.jpg,750,500,bud,116,178,173,261
s2716.jpg,750,500,bud,146,93,206,229
s2716.jpg,750,500,bud,198,110,273,310
s2716.jpg,750,500,yellow,417,256,748,497
s2717.jpg,750,500,bud,40,315,139,450
s2717.jpg,750,500,bud,139,217,204,310
s2717.jpg,750,500,bud,196,173,272,277
s2717.jpg,750,500,bud,259,239,357,324
s2717.jpg,750,500,yellow,126,275,692,500
s2723.jpg,750,500,yellow,224,107,658,492
s2724.jpg,750,500,yellow,436,12,735,189
s2725.jpg,750,500,yellow,152,4,537,119
s2725.jpg,750,500,yellow,395,97,667,382
s2731.jpg,750,500,yellow,381,6,568,118
s2732.jpg,750,500,yellow,217,112,671,322
s2732.jpg,750,500,yellow,552,216,746,453
s2737.jpg,750,500,yellow,121,38,648,219
s2743.jpg,750,500,bud,48,346,122,440
s2743.jpg,750,500,bud,35,413,107,500
s2743.jpg,750,500,bud,113,394,180,475
s2743.jpg,750,500,bud,99,461,140,500
s2745.jpg,750,500,yellow,1,20,195,374
s2745.jpg,750,500,bud,620,238,682,398
s2745.jpg,750,500,bud,673,285,717,355
s2745.jpg,750,500,bud,715,293,750,391
s2745.jpg,750,500,bud,684,390,737,448
s2745.jpg,750,500,bud,724,422,750,469
s2746.jpg,750,500,bud,1,295,35,395
s2746.jpg,750,500,bud,19,147,82,315
s2747.jpg,750,500,pod,178,187,542,328
s277.jpg,750,500,bud,391,166,463,223
s277.jpg,750,500,bud,468,204,557,282
s277.jpg,750,500,bud,539,113,641,245
s277.jpg,750,500,bud,342,98,406,206
s277.jpg,750,500,bud,459,107,498,175
s277.jpg,750,500,bud,453,31,533,128
s277.jpg,750,500,bud,344,401,436,485
s277.jpg,750,500,yellow,462,424,734,497
s277.jpg,750,500,yellow,167,72,524,354
s277.jpg,750,500,yellow,463,248,635,452
s2790.jpg,750,500,bud,415,58,553,239
s2790.jpg,750,500,white,21,282,384,492
s2790.jpg,750,500,white,6,4,437,302
s2798.jpg,750,500,white,5,3,176,218
s2798.jpg,750,500,white,87,133,607,485
s2809.jpg,750,500,white,208,69,747,495
s2810.jpg,750,500,white,232,56,566,348
s2810.jpg,750,500,yellow,9,28,199,265
s2836.jpg,750,500,white,84,68,349,264
s2836.jpg,750,500,white,91,5,362,68
s285.jpg,750,500,yellow,16,65,255,284
s285.jpg,750,500,yellow,49,248,427,489
s285.jpg,750,500,yellow,409,413,691,497
s285.jpg,750,500,yellow,346,23,745,338
s2853.jpg,750,500,white,151,7,542,274
s2853.jpg,750,500,white,225,250,497,419
s2853.jpg,750,500,pod,146,96,203,397
s2853.jpg,750,500,pod,24,465,54,497
s2853.jpg,750,500,pod,322,460,361,497
s2853.jpg,750,500,white,521,9,705,81
s2909.jpg,750,500,bud,596,277,740,456
s2909.jpg,750,500,white,394,122,742,480
s2910.jpg,750,500,bud,13,50,113,215
s2910.jpg,750,500,bud,30,206,139,376
s2910.jpg,750,500,bud,196,248,329,420
s2910.jpg,750,500,bud,176,93,270,251
s2910.jpg,750,500,bud,102,69,203,223
s2910.jpg,750,500,bud,82,431,227,500
s2910.jpg,750,500,white,288,34,568,297
s2910.jpg,750,500,white,376,243,746,500
s2917.jpg,750,500,white,413,32,750,493
s2918.jpg,750,500,bud,97,5,244,109
s2918.jpg,750,500,white,443,14,750,247
s2918.jpg,750,500,white,433,267,748,489
s2926.jpg,750,500,white,537,19,737,238
s293.jpg,750,500,yellow,19,143,219,480
s293.jpg,750,500,bud,304,185,426,325
s293.jpg,750,500,bud,430,222,456,260
s293.jpg,750,500,bud,461,218,499,258
s293.jpg,750,500,bud,451,260,484,295
s293.jpg,750,500,bud,489,243,545,298
s293.jpg,750,500,yellow,81,9,303,134
s293.jpg,750,500,yellow,311,9,678,182
s2932.jpg,750,500,pod,128,9,413,278
s2932.jpg,750,500,pod,536,366,750,480
s2934.jpg,750,500,pod,332,141,745,374
s2934.jpg,750,500,pod,418,64,750,169
s2952.jpg,750,500,yellow,324,22,750,338
s2975.jpg,750,500,yellow,153,14,737,357
s2975.jpg,750,500,yellow,146,231,629,495
s2983.jpg,750,500,yellow,109,13,652,244
s2983.jpg,750,500,bud,211,337,430,460
s2983.jpg,750,500,bud,468,232,601,391
s2983.jpg,750,500,bud,520,152,596,252
s2983.jpg,750,500,bud,615,257,743,439
s2983.jpg,750,500,yellow,106,261,361,359
s2984.jpg,750,500,yellow,10,27,509,497
s2985.jpg,750,500,bud,358,62,558,273
s2991.jpg,750,500,yellow,220,38,589,457
s2991.jpg,750,500,yellow,254,308,662,492
s2991.jpg,750,500,yellow,636,136,740,299
s2992.jpg,750,500,yellow,23,79,379,449
s2992.jpg,750,500,yellow,53,8,430,86
s2992.jpg,750,500,yellow,331,102,550,437
s3028.jpg,750,500,yellow,516,109,750,462
s3029.jpg,750,500,bud,324,189,483,330
s3029.jpg,750,500,yellow,7,76,237,444
s3029.jpg,750,500,yellow,597,255,749,500
s3029.jpg,750,500,yellow,67,12,371,262
s3029.jpg,750,500,bud,478,10,657,130
s3037.jpg,750,500,yellow,12,224,273,423
s3037.jpg,750,500,yellow,59,406,435,500
s3037.jpg,750,500,yellow,451,327,746,494
s3037.jpg,750,500,yellow,489,23,749,323
s3038.jpg,750,500,yellow,6,7,198,407
s3038.jpg,750,500,yellow,9,259,264,491
s3038.jpg,750,500,yellow,382,266,554,497
s3038.jpg,750,500,yellow,542,27,749,279
s3038.jpg,750,500,bud,588,257,729,440
s3039.jpg,750,500,bud,158,121,260,244
s3039.jpg,750,500,bud,215,218,307,301
s3039.jpg,750,500,bud,292,301,412,399
s3039.jpg,750,500,bud,174,343,298,464
s3039.jpg,750,500,bud,255,397,397,491
s3039.jpg,750,500,bud,395,311,537,405
s3039.jpg,750,500,bud,368,209,476,317
s3039.jpg,750,500,bud,458,221,600,340
s3039.jpg,750,500,bud,333,146,399,222
s3039.jpg,750,500,bud,257,60,361,215
s3039.jpg,750,500,bud,387,86,535,230
s3039.jpg,750,500,bud,316,29,418,158
s3039.jpg,750,500,bud,113,33,251,204
s3039.jpg,750,500,yellow,1,4,140,339
s3045.jpg,750,500,yellow,2,2,444,484
s3045.jpg,750,500,yellow,439,339,743,497
s3046.jpg,750,500,yellow,286,12,726,422
s3047.jpg,750,500,yellow,6,6,309,367
s3054.jpg,750,500,yellow,9,9,545,364
s3054.jpg,750,500,yellow,23,303,261,493
s3073.jpg,750,500,pod,48,152,165,487
s3083.jpg,750,500,pod,152,145,351,494
s3085.jpg,750,500,yellow,482,264,742,495
s3086.jpg,750,500,bud,3,224,49,414
s3086.jpg,750,500,bud,29,287,121,421
s3086.jpg,750,500,bud,115,261,244,437
s3086.jpg,750,500,bud,62,434,212,500
s3086.jpg,750,500,yellow,218,386,380,500
s3093.jpg,750,500,yellow,303,46,580,340
s3093.jpg,750,500,yellow,581,19,750,410
s3093.jpg,750,500,yellow,293,397,685,498
s3094.jpg,750,500,yellow,11,9,265,462
s3094.jpg,750,500,yellow,75,339,402,496
s3094.jpg,750,500,yellow,187,5,484,324
s3101.jpg,750,500,bud,267,203,371,327
s3101.jpg,750,500,bud,479,147,578,345
s3101.jpg,750,500,bud,534,219,645,347
s3101.jpg,750,500,bud,586,340,728,458
s3101.jpg,750,500,yellow,13,169,364,498
s3101.jpg,750,500,yellow,249,306,639,500
s3101.jpg,750,500,yellow,363,4,688,169
s3102.jpg,750,500,yellow,21,7,421,213
s3109.jpg,750,500,yellow,133,10,635,285
s3109.jpg,750,500,yellow,166,219,622,475
s3109.jpg,750,500,yellow,589,14,737,409
s3109.jpg,750,500,pod,482,458,661,497
s3116.jpg,750,500,yellow,277,12,498,100
s3117.jpg,750,500,yellow,168,82,650,453
s3123.jpg,750,500,pod,215,262,312,489
s3123.jpg,750,500,pod,435,133,523,483
s3123.jpg,750,500,pod,406,7,623,396
s3125.jpg,750,500,pod,7,44,179,99
s3125.jpg,750,500,pod,11,43,186,233
s3143.jpg,750,500,pod,678,249,750,499
s3144 - Copy.jpg,750,500,pod,185,16,341,500
s3144.jpg,750,500,pod,192,10,346,497
s3151.jpg,750,500,pod,604,78,743,278
s3159.jpg,750,500,pod,378,4,750,406
s3161.jpg,750,500,pod,136,297,349,494
s3161.jpg,750,500,pod,432,351,637,498
s3161.jpg,750,500,pod,254,125,559,366
s3162 - Copy.jpg,750,500,pod,193,8,380,494
s3162.jpg,750,500,pod,178,9,421,495
s3165.jpg,750,500,white,268,109,721,500
s3165.jpg,750,500,bud,512,87,641,293
s3165.jpg,750,500,white,675,130,750,238
s3166.jpg,750,500,white,9,134,490,480
s3169 - Copy.jpg,750,500,pod,282,4,659,295
s3169 - Copy.jpg,750,500,pod,548,4,746,156
s3169.jpg,750,500,pod,282,5,657,293
s3169.jpg,750,500,pod,567,11,741,132
s3170 - Copy.jpg,750,500,pod,159,338,357,495
s3170 - Copy.jpg,750,500,pod,407,385,531,496
s3170 - Copy.jpg,750,500,pod,325,3,444,203
s3170 - Copy.jpg,750,500,pod,466,18,745,487
s3170.jpg,750,500,pod,145,328,351,500
s3170.jpg,750,500,pod,398,373,511,486
s3170.jpg,750,500,pod,324,4,448,155
s3170.jpg,750,500,pod,467,24,748,488
s3173.jpg,750,500,white,216,2,734,248
s3178 - Copy.jpg,750,500,pod,41,76,442,405
s3178 - Copy.jpg,750,500,pod,302,5,541,220
s3178.jpg,750,500,pod,35,59,440,413
s3178.jpg,750,500,pod,297,2,565,233
s3179 - Copy.jpg,750,500,pod,13,37,198,320
s3179 - Copy.jpg,750,500,pod,4,150,170,479
s3179.jpg,750,500,pod,12,35,233,336
s3179.jpg,750,500,pod,5,149,176,466
s3198.jpg,750,500,pod,34,16,515,288
s3228.jpg,750,500,bud,622,146,750,314
s3228.jpg,750,500,yellow,558,299,746,485
s3229.jpg,750,500,bud,61,9,164,120
s3229.jpg,750,500,bud,208,20,371,210
s3229.jpg,750,500,yellow,17,260,433,500
s3237.jpg,750,500,yellow,22,9,596,191
s3237.jpg,750,500,yellow,155,133,516,351
s3244.jpg,750,500,yellow,621,288,748,500
s3245.jpg,750,500,yellow,1,297,120,494
s329.jpg,750,500,bud,370,385,488,478
s329.jpg,750,500,bud,223,148,362,230
s329.jpg,750,500,bud,491,308,643,430
s329.jpg,750,500,bud,576,374,737,476
s329.jpg,750,500,bud,520,413,613,498
s3292.jpg,750,500,bud,332,158,417,268
s3292.jpg,750,500,bud,368,205,442,323
s3292.jpg,750,500,bud,395,305,493,384
s3292.jpg,750,500,bud,406,395,520,492
s3292.jpg,750,500,bud,491,343,654,425
s3292.jpg,750,500,bud,481,291,561,347
s3292.jpg,750,500,bud,449,270,507,325
s3292.jpg,750,500,bud,445,172,521,273
s3292.jpg,750,500,bud,510,191,571,271
s3292.jpg,750,500,bud,531,230,659,337
s3292.jpg,750,500,bud,525,172,651,276
s3292.jpg,750,500,yellow,6,179,185,353
s3292.jpg,750,500,yellow,55,227,459,489
s3292.jpg,750,500,yellow,290,27,630,214
s3292.jpg,750,500,yellow,569,260,746,499
s330.jpg,750,500,white,7,124,307,494
s330.jpg,750,500,white,461,8,703,215
s330.jpg,750,500,white,573,175,750,483
s3300.jpg,750,500,yellow,108,9,285,135
s3300.jpg,750,500,yellow,313,31,696,443
s331.jpg,750,500,white,11,177,264,442
s331.jpg,750,500,white,485,162,734,459
s3310.jpg,750,500,yellow,631,151,750,423
s3311.jpg,750,500,yellow,4,179,171,414
s3311.jpg,750,500,yellow,90,313,333,498
s3319.jpg,750,500,bud,11,96,73,184
s3319.jpg,750,500,bud,33,67,141,143
s3319.jpg,750,500,yellow,32,7,363,185
s333.jpg,750,500,bud,638,356,691,414
s333.jpg,750,500,bud,680,414,733,460
s333.jpg,750,500,bud,695,379,744,419
s333.jpg,750,500,bud,722,349,750,397
s334.jpg,750,500,white,90,48,343,337
s334.jpg,750,500,white,566,59,749,225
s334.jpg,750,500,white,144,412,299,500
s334.jpg,750,500,bud,73,419,143,487
s334.jpg,750,500,bud,2,440,45,498
s334.jpg,750,500,bud,3,360,61,412
s334.jpg,750,500,bud,1,341,18,384
s334.jpg,750,500,bud,2,286,42,360
s335.jpg,750,500,white,34,310,219,494
s335.jpg,750,500,white,474,15,640,204
s3356.jpg,750,500,yellow,280,7,750,497
s3357.jpg,750,500,bud,158,292,299,436
s3357.jpg,750,500,bud,184,157,309,276
s3357.jpg,750,500,bud,266,10,390,224
s3357.jpg,750,500,bud,367,274,604,498
s3357.jpg,750,500,yellow,3,2,264,492
s3365.jpg,750,500,yellow,242,62,729,478
s337.jpg,750,500,bud,375,63,566,148
s337.jpg,750,500,bud,423,4,557,67
s337.jpg,750,500,bud,665,86,745,192
s337.jpg,750,500,pod,462,43,750,83
s3370.jpg,750,500,pod,97,100,558,492
s3372.jpg,750,500,yellow,335,52,750,472
s3373.jpg,750,500,yellow,4,9,382,479
s3378.jpg,750,500,pod,4,343,393,482
s3379.jpg,750,500,pod,18,170,717,500
s338.jpg,750,500,bud,205,168,287,238
s338.jpg,750,500,bud,315,168,379,216
s338.jpg,750,500,bud,251,74,340,160
s338.jpg,750,500,bud,354,78,480,138
s338.jpg,750,500,white,406,48,720,383
s339.jpg,750,500,white,193,68,404,361
s339.jpg,750,500,white,391,146,652,447
s339.jpg,750,500,white,589,303,750,498
s3394.jpg,750,500,white,105,14,402,204
s3394.jpg,750,500,white,12,283,247,489
s3399.jpg,750,500,bud,6,4,105,178
s3399.jpg,750,500,bud,122,155,205,269
s3399.jpg,750,500,white,237,29,683,494
s3402.jpg,750,500,white,33,3,450,356
s3406.jpg,750,500,white,128,188,473,500
s3406.jpg,750,500,bud,440,365,585,495
s3406.jpg,750,500,white,548,25,750,388
s341.jpg,750,500,white,84,48,319,309
s341.jpg,750,500,white,3,180,76,375
s341.jpg,750,500,white,93,323,268,494
s341.jpg,750,500,bud,180,285,258,369
s3414.jpg,750,500,white,118,8,466,138
s3414.jpg,750,500,bud,581,15,730,82
s3414.jpg,750,500,white,227,164,648,483
s3417.jpg,750,500,white,66,89,588,443
s3418.jpg,750,500,white,297,101,744,492
s3419.jpg,750,500,white,152,4,570,330
s3419.jpg,750,500,pod,503,75,748,214
s3419.jpg,750,500,white,1,279,94,486
s342.jpg,750,500,white,96,2,425,197
s342.jpg,750,500,white,585,153,750,309
s3420.jpg,750,500,white,248,160,750,497
s3420.jpg,750,500,white,203,25,531,240
s3426.jpg,750,500,bud,45,21,331,122
s3426.jpg,750,500,bud,279,2,388,83
s3426.jpg,750,500,bud,380,42,503,146
s3426.jpg,750,500,white,425,64,746,498
s3427.jpg,750,500,white,4,124,389,490
s3427.jpg,750,500,white,599,165,750,495
s3428.jpg,750,500,white,4,97,317,498
s3428.jpg,750,500,white,276,6,716,165
s3428.jpg,750,500,bud,406,382,566,485
s3428.jpg,750,500,bud,527,254,699,437
s3429.jpg,750,500,white,158,11,442,253
s3436.jpg,750,500,bud,391,57,526,186
s3436.jpg,750,500,white,385,163,750,493
s3436.jpg,750,500,white,67,12,574,277
s3437.jpg,750,500,white,62,314,488,499
s3437.jpg,750,500,white,8,5,425,243
s3437.jpg,750,500,bud,581,171,746,258
s3437.jpg,750,500,bud,623,269,750,404
s3437.jpg,750,500,bud,600,5,741,128
s3438.jpg,750,500,white,6,40,423,447
s348.jpg,750,500,bud,560,377,682,469
s348.jpg,750,500,white,635,36,750,398
s349.jpg,750,500,white,7,19,298,446
s349.jpg,750,500,white,330,20,562,250
s349.jpg,750,500,white,481,308,658,494
s353.jpg,750,500,white,68,324,410,500
s353.jpg,750,500,white,420,247,744,422
s3549.jpg,750,500,yellow,150,52,730,492
s3549.jpg,750,500,bud,230,404,370,494
s355.jpg,750,500,white,13,130,222,484
s3556.jpg,750,500,yellow,177,15,743,429
s3557.jpg,750,500,yellow,152,42,742,362
s3557.jpg,750,500,yellow,268,294,749,498
s3564.jpg,750,500,yellow,406,97,750,466
s3565.jpg,750,500,yellow,17,10,700,460
s3566.jpg,750,500,pod,261,12,380,367
s357.jpg,750,500,white,114,51,496,328
s357.jpg,750,500,white,323,219,741,483
s358.jpg,750,500,white,51,89,284,448
s358.jpg,750,500,white,46,7,181,114
s359.jpg,750,500,bud,326,116,435,175
s361.jpg,750,500,white,359,243,750,497
s3629.jpg,750,500,white,271,7,691,257
s3629.jpg,750,500,white,99,279,698,500
s3630.jpg,750,500,pod,631,151,717,460
s3638.jpg,750,500,pod,107,139,541,337
s3647.jpg,750,500,pod,183,86,441,377
s366.jpg,750,500,white,5,233,323,489
s3669.jpg,750,500,white,370,261,638,415
s3669.jpg,750,500,white,516,327,735,499
s3677.jpg,750,500,white,276,78,502,399
s3677.jpg,750,500,white,415,52,725,387
s3677.jpg,750,500,bud,391,5,494,80
s3685.jpg,750,500,white,507,104,740,336
s3685.jpg,750,500,white,617,9,750,88
s3686.jpg,750,500,pod,94,275,391,408
s3686.jpg,750,500,pod,371,14,491,328
s370.jpg,750,500,white,7,32,359,430
s370.jpg,750,500,white,442,237,750,470
s3702.jpg,750,500,white,73,100,229,336
s3702.jpg,750,500,bud,345,214,422,277
s3702.jpg,750,500,bud,259,188,330,253
s3702.jpg,750,500,bud,548,111,622,197
s3702.jpg,750,500,bud,328,21,439,179
s3702.jpg,750,500,bud,260,85,312,131
s3702.jpg,750,500,bud,256,113,311,168
s3702.jpg,750,500,bud,199,122,287,184
s373.jpg,750,500,white,258,99,582,395
s373.jpg,750,500,bud,218,360,330,433
s373.jpg,750,500,bud,396,374,455,442
s373.jpg,750,500,bud,101,91,228,311
s373.jpg,750,500,bud,409,6,464,47
s373.jpg,750,500,bud,442,43,503,101
s373.jpg,750,500,bud,494,78,566,187
s373.jpg,750,500,bud,500,11,558,66
s373.jpg,750,500,bud,533,4,635,121
s373.jpg,750,500,white,609,48,748,241
s3749.jpg,750,500,bud,67,255,277,388
s3749.jpg,750,500,white,19,20,317,257
s3749.jpg,750,500,white,244,89,680,473
s3749.jpg,750,500,white,622,76,748,499
s3757.jpg,750,500,white,7,8,263,445
s3757.jpg,750,500,white,115,9,675,498
s377.jpg,750,500,white,564,38,750,327
s3782.jpg,750,500,yellow,311,18,747,500
s3784.jpg,750,500,yellow,88,171,700,491
s379.jpg,750,500,white,51,218,341,468
s379.jpg,750,500,white,166,32,349,222
s379.jpg,750,500,white,577,124,732,346
s3792.jpg,750,500,yellow,21,204,587,500
s3792.jpg,750,500,yellow,99,7,741,374
s380.jpg,750,500,pod,470,7,559,241
s3800.jpg,750,500,yellow,12,5,635,203
s3804.jpg,750,500,yellow,23,5,564,463
s3805.jpg,750,500,yellow,18,310,650,496
s3812.jpg,750,500,yellow,622,32,748,500
s3813.jpg,750,500,yellow,7,5,639,485
s382.jpg,750,500,white,320,76,612,331
s3821.jpg,750,500,yellow,15,12,632,252
s3821.jpg,750,500,yellow,16,256,519,494
s3822.jpg,750,500,yellow,160,10,721,487
s3829.jpg,750,500,yellow,19,5,525,335
s3869.jpg,750,500,yellow,494,167,747,500
s3870.jpg,750,500,yellow,16,23,700,469
s3872.jpg,750,500,yellow,35,36,730,489
s3876.jpg,750,500,yellow,368,18,740,498
s3877.jpg,750,500,yellow,11,275,456,495
s3877.jpg,750,500,yellow,454,19,750,343
s3878.jpg,750,500,yellow,1,3,311,355
s3880.jpg,750,500,yellow,5,4,725,309
s3884.jpg,750,500,yellow,302,10,750,491
s3885.jpg,750,500,yellow,6,10,442,271
s3885.jpg,750,500,yellow,5,234,273,495
s3893.jpg,750,500,yellow,21,43,724,490
s3901.jpg,750,500,yellow,12,3,750,497
s3935.jpg,750,500,yellow,7,44,476,496
s3936.jpg,750,500,yellow,19,236,499,497
s3943.jpg,750,500,yellow,39,11,727,483
s3944.jpg,750,500,yellow,3,2,464,275
s3951.jpg,750,500,yellow,14,5,266,236
s3951.jpg,750,500,yellow,333,18,750,465
s3958.jpg,750,500,yellow,396,303,750,499
s3996.jpg,750,500,yellow,542,245,746,469
s3997.jpg,750,500,yellow,28,205,141,329
s3997.jpg,750,500,yellow,23,300,184,436
s3997.jpg,750,500,yellow,408,296,586,489
s4004.jpg,750,500,yellow,228,48,744,347
s4005.jpg,750,500,yellow,4,1,213,377
s4005.jpg,750,500,yellow,287,22,640,211
s4005.jpg,750,500,pod,328,17,451,218
s406.jpg,750,500,bud,317,336,412,405
s406.jpg,750,500,bud,423,327,481,375
s406.jpg,750,500,bud,458,367,534,409
s406.jpg,750,500,bud,426,251,466,297
s406.jpg,750,500,bud,443,285,473,333
s406.jpg,750,500,bud,461,267,500,302
s406.jpg,750,500,bud,462,285,515,342
s406.jpg,750,500,bud,496,267,575,347
s406.jpg,750,500,pod,77,401,154,500
s4061.jpg,750,500,pod,88,248,267,440
s4061.jpg,750,500,pod,293,341,414,470
s4061.jpg,750,500,pod,141,425,263,500
s4061.jpg,750,500,yellow,44,13,733,462
s4068.jpg,750,500,yellow,248,38,747,500
s4069.jpg,750,500,bud,177,109,369,224
s4069.jpg,750,500,bud,159,4,256,48
s4069.jpg,750,500,bud,262,1,337,58
s4069.jpg,750,500,yellow,13,202,181,497
s4069.jpg,750,500,yellow,372,56,749,492
s4070.jpg,750,500,yellow,2,3,433,497
s4076.jpg,750,500,yellow,371,19,734,256
s4097.jpg,750,500,yellow,363,152,736,496
s4097.jpg,750,500,pod,238,219,750,323
s4101.jpg,750,500,bud,462,69,597,173
s4101.jpg,750,500,yellow,166,132,488,420
s4101.jpg,750,500,yellow,459,160,750,485
s4103.jpg,750,500,yellow,11,51,276,395
s4103.jpg,750,500,yellow,165,6,312,270
s4106.jpg,750,500,bud,245,159,323,222
s4106.jpg,750,500,bud,296,221,384,287
s4106.jpg,750,500,bud,412,211,541,347
s4106.jpg,750,500,bud,323,86,400,194
s4106.jpg,750,500,bud,213,57,328,173
s4106.jpg,750,500,bud,172,178,310,296
s4106.jpg,750,500,bud,305,5,429,180
s4106.jpg,750,500,bud,393,50,553,235
s4106.jpg,750,500,yellow,537,78,750,453
s4106.jpg,750,500,yellow,384,351,695,500
s4107.jpg,750,500,yellow,1,25,242,402
s4114.jpg,750,500,yellow,324,4,710,284
s4116.jpg,750,500,bud,382,251,620,386
s4116.jpg,750,500,bud,457,166,639,282
s4116.jpg,750,500,bud,586,159,674,239
s4116.jpg,750,500,bud,628,302,740,414
s4116.jpg,750,500,yellow,2,205,226,492
s4116.jpg,750,500,yellow,45,60,387,295
s4116.jpg,750,500,yellow,225,19,486,229
s4117.jpg,750,500,bud,35,28,137,203
s4117.jpg,750,500,bud,92,13,214,245
s4117.jpg,750,500,bud,130,356,299,467
s4117.jpg,750,500,yellow,162,166,557,491
s4117.jpg,750,500,yellow,477,329,750,495
s4121.jpg,750,500,bud,36,120,163,282
s4121.jpg,750,500,yellow,125,96,581,490
s4121.jpg,750,500,yellow,563,288,750,497
s4121.jpg,750,500,pod,122,4,457,66
s4124.jpg,750,500,yellow,82,16,390,334
s4124.jpg,750,500,yellow,417,17,749,257
s4124.jpg,750,500,yellow,499,72,746,462
s4125.jpg,750,500,yellow,105,172,645,500
s4125.jpg,750,500,yellow,468,14,750,277
s4126.jpg,750,500,yellow,19,204,266,420
s4129.jpg,750,500,pod,123,27,404,330
s4129.jpg,750,500,pod,202,127,522,413
s4133.jpg,750,500,yellow,4,3,371,241
s4133.jpg,750,500,yellow,531,32,749,343
s414.jpg,750,500,pod,88,308,197,450
s414.jpg,750,500,pod,361,193,656,291
s4149.jpg,750,500,yellow,333,171,549,443
s4149.jpg,750,500,yellow,488,149,748,432
s4157.jpg,750,500,yellow,163,12,533,333
s4157.jpg,750,500,yellow,623,19,748,171
s4174.jpg,750,500,pod,42,7,339,350
s4179.jpg,750,500,yellow,380,133,749,500
s4180.jpg,750,500,yellow,12,141,330,500
s4180.jpg,750,500,yellow,417,182,749,499
s4180.jpg,750,500,yellow,427,6,748,239
s4181.jpg,750,500,pod,244,130,746,227
s4181.jpg,750,500,yellow,9,243,147,494
s4187.jpg,750,500,bud,344,77,513,209
s4187.jpg,750,500,bud,485,338,667,492
s4187.jpg,750,500,bud,552,38,691,257
s4187.jpg,750,500,yellow,202,210,663,492
s4188.jpg,750,500,yellow,6,184,561,498
s4188.jpg,750,500,yellow,435,7,745,162
s4189.jpg,750,500,yellow,7,129,411,500
s4196.jpg,750,500,yellow,6,11,611,405
s4243.jpg,750,500,yellow,494,174,750,495
s4244.jpg,750,500,yellow,11,216,692,500
s4245.jpg,750,500,bud,2,153,217,386
s4245.jpg,750,500,yellow,137,5,750,431
s4252.jpg,750,500,yellow,8,4,627,479
s4253.jpg,750,500,yellow,2,5,653,498
s4260.jpg,750,500,yellow,16,5,515,486
s4261.jpg,750,500,yellow,6,3,615,432
s4316.jpg,750,500,white,10,9,723,500
s4323.jpg,750,500,white,239,24,726,488
s4332.jpg,750,500,white,467,8,742,113
s4344.jpg,750,500,pod,182,96,636,493
s4381.jpg,750,500,white,77,7,748,487
s4437.jpg,750,500,white,280,24,744,497
s4437.jpg,750,500,bud,331,378,553,497
s4573.jpg,750,500,white,144,19,750,499
s4587.jpg,750,500,white,334,7,745,362
s462.jpg,750,500,bud,504,328,575,427
s462.jpg,750,500,bud,428,404,482,473
s462.jpg,750,500,bud,467,390,509,445
s462.jpg,750,500,bud,496,423,550,480
s4629.jpg,750,500,yellow,82,32,739,500
s4630.jpg,750,500,yellow,338,120,750,492
s4631.jpg,750,500,yellow,14,71,425,498
s4637.jpg,750,500,yellow,36,62,543,481
s4638.jpg,750,500,yellow,388,10,725,125
s4639.jpg,750,500,yellow,16,3,438,293
s4644.jpg,750,500,yellow,468,11,747,500
s4645.jpg,750,500,yellow,5,1,658,493
s4647.jpg,750,500,yellow,64,269,294,500
s4655.jpg,750,500,yellow,86,2,726,495
s469.jpg,750,500,bud,3,260,116,385
s469.jpg,750,500,bud,141,211,263,350
s469.jpg,750,500,bud,5,129,126,239
s469.jpg,750,500,bud,97,68,194,211
s469.jpg,750,500,bud,145,1,340,189
s469.jpg,750,500,white,32,229,461,499
s469.jpg,750,500,white,393,2,740,258
s4693.jpg,750,500,bud,215,197,372,455
s4693.jpg,750,500,bud,408,218,588,484
s4693.jpg,750,500,yellow,8,1,693,251
s4694.jpg,750,500,bud,5,131,163,359
s4700.jpg,750,500,yellow,6,66,744,500
s4702.jpg,750,500,yellow,18,1,663,500
s4708.jpg,750,500,yellow,42,9,750,485
s4709.jpg,750,500,yellow,15,69,678,491
s4710.jpg,750,500,yellow,88,7,702,239
s4717.jpg,750,500,yellow,37,10,687,493
s476.jpg,750,500,white,129,188,463,487
s476.jpg,750,500,white,57,64,300,259
s4763.jpg,750,500,yellow,403,62,750,492
s4764.jpg,750,500,yellow,39,228,680,500
s4764.jpg,750,500,yellow,494,37,749,346
s4765.jpg,750,500,yellow,8,113,471,500
s4772.jpg,750,500,yellow,28,12,231,271
s4772.jpg,750,500,yellow,240,18,489,257
s4772.jpg,750,500,yellow,572,8,750,169
s4774.jpg,750,500,yellow,210,53,687,489
s478.jpg,750,500,bud,19,87,107,212
s479.jpg,750,500,bud,8,9,80,97
s479.jpg,750,500,bud,4,89,51,132
s479.jpg,750,500,bud,2,124,69,174
s4835.jpg,750,500,yellow,572,236,750,488
s4836.jpg,750,500,white,30,111,531,500
s489.jpg,750,500,white,433,91,750,473
s489.jpg,750,500,bud,698,134,750,222
s489.jpg,750,500,bud,455,80,572,141
s489.jpg,750,500,bud,471,12,616,88
s489.jpg,750,500,bud,577,7,703,102
s490.jpg,750,500,white,562,152,750,496
s4900.jpg,750,500,white,22,89,583,500
s4960.jpg,750,500,pod,61,12,628,486
s4967.jpg,750,500,pod,634,260,749,488
s499.jpg,750,500,bud,23,198,161,262
s499.jpg,750,500,bud,222,241,313,311
s499.jpg,750,500,bud,155,276,232,346
s499.jpg,750,500,bud,141,257,198,303
s499.jpg,750,500,bud,167,213,229,283
s499.jpg,750,500,bud,139,221,180,259
s5020.jpg,750,500,yellow,434,202,750,499
s5020.jpg,750,500,bud,303,3,572,175
s5022.jpg,750,500,yellow,14,53,438,500
s5028.jpg,750,500,yellow,427,9,737,212
s5029.jpg,750,500,yellow,337,22,749,493
s5030.jpg,750,500,yellow,3,3,528,499
s5038.jpg,750,500,yellow,18,9,291,107
s5038.jpg,750,500,yellow,161,32,732,486
s5058.jpg,750,500,bud,466,69,587,184
s5058.jpg,750,500,bud,330,5,457,124
s5058.jpg,750,500,bud,498,3,635,61
s5070.jpg,750,500,pod,206,64,750,367
s5083.jpg,750,500,pod,128,28,361,500
s5101.jpg,750,500,white,5,15,690,500
s517.jpg,750,500,bud,11,83,97,138
s517.jpg,750,500,bud,6,30,61,80
s517.jpg,750,500,bud,42,12,76,41
s517.jpg,750,500,bud,226,214,283,271
s517.jpg,750,500,bud,208,252,257,301
s518.jpg,750,500,pod,278,31,503,166
s518.jpg,750,500,pod,224,239,412,342
s518.jpg,750,500,pod,255,153,349,437
s518.jpg,750,500,pod,149,322,361,464
s518.jpg,750,500,pod,57,251,213,500
s518.jpg,750,500,pod,500,239,548,379
s518.jpg,750,500,pod,449,365,549,436
s518.jpg,750,500,pod,377,275,440,483
s518.jpg,750,500,pod,505,12,577,183
s518.jpg,750,500,pod,636,85,750,252
s519.jpg,750,500,yellow,447,195,664,406
s519.jpg,750,500,yellow,292,72,491,225
s519.jpg,750,500,yellow,211,222,416,388
s519.jpg,750,500,yellow,195,366,423,495
s519.jpg,750,500,yellow,440,401,629,498
s5205.jpg,750,500,white,15,6,683,427
s5220.jpg,750,500,white,187,38,750,495
s526.jpg,750,500,yellow,355,231,738,491
s5269.jpg,750,500,yellow,326,95,750,494
s527.jpg,750,500,bud,93,80,157,173
s527.jpg,750,500,bud,56,132,101,193
s527.jpg,750,500,bud,30,163,57,202
s527.jpg,750,500,bud,3,156,37,224
s527.jpg,750,500,bud,37,102,66,145
s527.jpg,750,500,bud,16,25,75,104
s527.jpg,750,500,bud,2,74,30,133
s527.jpg,750,500,yellow,214,1,613,101
s527.jpg,750,500,yellow,334,393,566,500
s5270.jpg,750,500,yellow,2,23,253,490
s5277.jpg,750,500,bud,191,73,506,355
s5277.jpg,750,500,bud,402,10,598,264
s5278.jpg,750,500,yellow,7,298,170,500
s5285.jpg,750,500,yellow,42,216,472,484
s5286.jpg,750,500,yellow,140,43,750,334
s5292.jpg,750,500,yellow,562,24,750,356
s5293.jpg,750,500,yellow,3,2,342,396
s530.jpg,750,500,yellow,300,213,495,413
s5309.jpg,750,500,pod,26,15,178,471
s534.jpg,750,500,pod,410,304,739,475
s5341.jpg,750,500,yellow,15,165,485,492
s5348.jpg,750,500,yellow,3,110,397,490
s5348.jpg,750,500,yellow,577,168,746,379
s5348.jpg,750,500,yellow,626,22,746,172
s5348.jpg,750,500,yellow,613,415,748,498
s5349.jpg,750,500,yellow,18,11,437,289
s535.jpg,750,500,pod,92,6,240,237
s535.jpg,750,500,pod,145,287,295,500
s535.jpg,750,500,yellow,325,80,488,155
s535.jpg,750,500,yellow,351,142,515,217
s535.jpg,750,500,yellow,326,6,525,71
s535.jpg,750,500,bud,530,12,578,70
s5356.jpg,750,500,yellow,12,3,279,290
s5356.jpg,750,500,yellow,518,16,750,450
s5357.jpg,750,500,yellow,1,3,290,459
s5397.jpg,750,500,yellow,295,205,746,496
s540.jpg,750,500,yellow,162,100,476,447
s540.jpg,750,500,yellow,595,170,750,366
s540.jpg,750,500,yellow,458,328,749,500
s540.jpg,750,500,bud,102,454,247,500
s540.jpg,750,500,bud,291,422,425,497
s5405.jpg,750,500,yellow,3,204,270,500
s5405.jpg,750,500,yellow,362,5,530,321
s5405.jpg,750,500,bud,503,21,627,236
s5405.jpg,750,500,yellow,541,302,745,489
s5406.jpg,750,500,bud,43,45,220,239
s5406.jpg,750,500,yellow,20,222,402,500
s5412.jpg,750,500,yellow,578,15,748,255
s5413.jpg,750,500,yellow,5,4,220,231
s5413.jpg,750,500,yellow,579,115,749,336
s5413.jpg,750,500,yellow,529,22,739,89
s5414.jpg,750,500,yellow,22,15,451,483
s542.jpg,750,500,bud,107,385,171,431
s542.jpg,750,500,bud,169,414,204,443
s542.jpg,750,500,bud,78,427,131,473
s542.jpg,750,500,bud,139,439,170,465
s542.jpg,750,500,bud,171,446,200,478
s542.jpg,750,500,bud,144,476,192,500
s5420.jpg,750,500,pod,210,47,403,334
s543.jpg,750,500,pod,5,306,200,419
s543.jpg,750,500,pod,448,303,537,499
s543.jpg,750,500,pod,150,4,226,90
s5448.jpg,750,500,yellow,179,34,390,292
s5448.jpg,750,500,yellow,360,16,681,196
s5459.jpg,750,500,pod,270,13,435,270
s5469.jpg,750,500,yellow,449,31,749,302
s5469.jpg,750,500,bud,655,276,741,432
s5470.jpg,750,500,yellow,3,62,125,155
s5470.jpg,750,500,yellow,8,386,156,494
s5470.jpg,750,500,yellow,291,406,520,500
s5470.jpg,750,500,yellow,148,159,376,408
s5470.jpg,750,500,pod,550,300,690,429
s5477.jpg,750,500,pod,477,79,552,462
s5477.jpg,750,500,yellow,305,130,642,446
s5478.jpg,750,500,yellow,51,189,261,451
s5478.jpg,750,500,yellow,21,10,174,210
s5478.jpg,750,500,yellow,287,5,521,164
s548.jpg,750,500,bud,134,39,208,87
s548.jpg,750,500,bud,189,42,271,100
s548.jpg,750,500,bud,140,120,211,226
s548.jpg,750,500,bud,201,114,249,200
s548.jpg,750,500,bud,242,70,342,170
s548.jpg,750,500,bud,181,93,210,136
s548.jpg,750,500,bud,78,40,179,112
s548.jpg,750,500,bud,130,5,262,34
s548.jpg,750,500,yellow,467,14,750,220
s5486.jpg,750,500,bud,41,79,162,255
s5486.jpg,750,500,bud,157,133,229,260
s5486.jpg,750,500,bud,270,126,369,258
s5486.jpg,750,500,yellow,93,255,375,499
s5486.jpg,750,500,yellow,446,143,746,484
s5486.jpg,750,500,pod,55,251,102,497
s5486.jpg,750,500,pod,91,362,142,497
s5488.jpg,750,500,yellow,90,391,320,496
s5488.jpg,750,500,yellow,389,39,632,325
s5489.jpg,750,500,pod,203,222,474,449
s5489.jpg,750,500,pod,479,146,684,446
s5489.jpg,750,500,pod,608,118,726,437
s5489.jpg,750,500,yellow,494,302,623,475
s549.jpg,750,500,yellow,209,103,457,396
s549.jpg,750,500,bud,646,433,742,497
s5494.jpg,750,500,yellow,41,147,341,485
s5497.jpg,750,500,pod,304,59,504,248
s5498.jpg,750,500,white,177,56,357,197
s5498.jpg,750,500,pod,599,238,741,495
s5498.jpg,750,500,pod,695,121,750,317
s5499.jpg,750,500,pod,349,55,740,484
s5499.jpg,750,500,pod,341,235,692,499
s5499.jpg,750,500,pod,449,359,536,491
s550.jpg,750,500,bud,40,366,101,429
s550.jpg,750,500,bud,71,2,144,37
s550.jpg,750,500,bud,153,1,197,23
s550.jpg,750,500,bud,315,11,373,46
s550.jpg,750,500,bud,317,83,357,123
s550.jpg,750,500,bud,328,50,352,71
s550.jpg,750,500,bud,369,50,397,73
s550.jpg,750,500,bud,355,55,371,68
s550.jpg,750,500,bud,359,68,379,91
s550.jpg,750,500,pod,664,5,745,46
s5502.jpg,750,500,pod,630,339,705,490
s5502.jpg,750,500,yellow,590,15,750,241
s5504.jpg,750,500,pod,350,114,641,404
s551.jpg,750,500,pod,260,436,374,500
s551.jpg,750,500,pod,11,18,232,196
s551.jpg,750,500,pod,393,5,491,155
s5541.jpg,750,500,yellow,381,18,749,493
s5542.jpg,750,500,yellow,18,22,687,495
s5549.jpg,750,500,yellow,347,11,714,256
s5550.jpg,750,500,yellow,24,8,716,131
s557.jpg,750,500,bud,641,7,707,49
s557.jpg,750,500,bud,702,2,747,29
s557.jpg,750,500,bud,722,28,750,85
s557.jpg,750,500,bud,651,35,734,141
s5570.jpg,750,500,yellow,55,18,654,486
s5578.jpg,750,500,yellow,18,10,406,167
s559.jpg,750,500,pod,69,46,549,318
s559.jpg,750,500,pod,348,5,475,124
s559.jpg,750,500,pod,466,374,666,488
s559.jpg,750,500,yellow,581,92,746,373
s5596.jpg,750,500,yellow,162,213,746,487
s5597.jpg,750,500,bud,58,310,240,484
s5597.jpg,750,500,bud,359,148,505,388
s5597.jpg,750,500,yellow,27,28,351,387
s5597.jpg,750,500,yellow,384,309,748,490
s560.jpg,750,500,yellow,7,282,165,468
s5604.jpg,750,500,yellow,41,124,286,469
s5604.jpg,750,500,yellow,122,13,673,273
s5605.jpg,750,500,bud,91,77,292,239
s5605.jpg,750,500,yellow,222,120,713,488
s5612.jpg,750,500,yellow,419,259,749,500
s5612.jpg,750,500,pod,24,44,198,236
s5613.jpg,750,500,yellow,29,113,383,493
s5613.jpg,750,500,yellow,326,13,733,434
s5617.jpg,750,500,pod,275,27,579,320
s5617.jpg,750,500,pod,478,46,663,493
s5619.jpg,750,500,pod,143,277,682,402
s5670.jpg,750,500,pod,433,20,750,252
s568.jpg,750,500,pod,136,258,308,500
s568.jpg,750,500,pod,16,257,95,486
s5724.jpg,750,500,yellow,311,55,746,500
s5725.jpg,750,500,yellow,11,19,307,500
s5732.jpg,750,500,yellow,61,147,431,484
s5732.jpg,750,500,yellow,335,27,723,284
s5733.jpg,750,500,yellow,10,1,338,204
s5733.jpg,750,500,yellow,68,222,738,491
s574.jpg,750,500,yellow,278,16,443,153
s5740.jpg,750,500,bud,190,9,559,160
s5741.jpg,750,500,yellow,444,14,726,461
s5749.jpg,750,500,yellow,73,97,654,497
s5750.jpg,750,500,yellow,44,75,571,482
s5757.jpg,750,500,yellow,142,16,591,215
s5757.jpg,750,500,yellow,157,166,467,457
s5758.jpg,750,500,yellow,175,3,393,238
s576.jpg,750,500,pod,6,323,157,490
s576.jpg,750,500,pod,205,143,278,496
s576.jpg,750,500,pod,267,18,357,130
s5796.jpg,750,500,white,254,33,749,495
s580.jpg,750,500,bud,520,88,570,139
s580.jpg,750,500,bud,560,119,603,155
s580.jpg,750,500,pod,26,65,395,212
s581.jpg,750,500,yellow,336,229,638,497
s581.jpg,750,500,bud,658,127,713,253
s581.jpg,750,500,bud,669,206,741,345
s581.jpg,750,500,yellow,584,6,746,203
s582.jpg,750,500,yellow,24,58,251,265
s582.jpg,750,500,yellow,17,204,225,406
s583.jpg,750,500,yellow,27,50,230,245
s583.jpg,750,500,yellow,192,106,403,279
s583.jpg,750,500,yellow,418,319,630,499
s583.jpg,750,500,yellow,576,268,722,421
s586.jpg,750,500,yellow,537,148,749,373
s586.jpg,750,500,bud,667,378,750,451
s587.jpg,750,500,bud,317,120,397,184
s587.jpg,750,500,bud,332,75,416,144
s587.jpg,750,500,bud,409,48,518,138
s587.jpg,750,500,bud,414,205,500,294
s587.jpg,750,500,yellow,228,355,486,500
s587.jpg,750,500,yellow,505,272,685,497
s587.jpg,750,500,yellow,546,12,744,141
s5881.jpg,750,500,pod,246,9,473,280
s5881.jpg,750,500,pod,545,218,730,365
s5909.jpg,750,500,white,182,85,748,500
s5925.jpg,750,500,white,12,12,625,484
s5925.jpg,750,500,white,430,86,749,405
s5926.jpg,750,500,white,5,5,500,492
s594.jpg,750,500,yellow,328,6,532,150
s594.jpg,750,500,yellow,627,23,750,287
s595.jpg,750,500,yellow,18,22,117,294
s595.jpg,750,500,yellow,4,330,316,491
s595.jpg,750,500,yellow,448,341,572,478
s595.jpg,750,500,yellow,276,6,528,94
s596.jpg,750,500,yellow,323,142,603,344
s596.jpg,750,500,yellow,464,256,750,491
s596.jpg,750,500,pod,46,104,317,316
s597.jpg,750,500,pod,96,133,228,322
s597.jpg,750,500,yellow,436,352,680,500
s597.jpg,750,500,yellow,595,98,746,250
s598.jpg,750,500,pod,490,229,605,380
s598.jpg,750,500,pod,387,196,577,436
s598.jpg,750,500,yellow,434,253,716,479
s5981.jpg,750,500,yellow,49,189,730,496
s5981.jpg,750,500,yellow,14,6,533,230
s5988.jpg,750,500,yellow,6,7,712,492
s5989.jpg,750,500,yellow,37,1,728,205
s599.jpg,750,500,yellow,14,184,290,444
s599.jpg,750,500,yellow,224,49,495,303
s599.jpg,750,500,pod,232,362,473,448
s5996.jpg,750,500,yellow,74,14,607,159
s601.jpg,750,500,bud,244,368,424,459
s601.jpg,750,500,yellow,78,410,278,497
s601.jpg,750,500,yellow,394,386,733,500
s602.jpg,750,500,bud,459,260,564,313
s602.jpg,750,500,bud,465,213,544,254
s602.jpg,750,500,bud,478,149,559,196
s6020.jpg,750,500,yellow,246,26,727,371
s6036.jpg,750,500,yellow,231,292,750,495
s6044.jpg,750,500,bud,190,137,366,390
s6044.jpg,750,500,bud,489,348,619,500
s6044.jpg,750,500,yellow,138,18,722,368
s6044.jpg,750,500,bud,602,196,749,475
s605.jpg,750,500,yellow,402,8,670,112
s605.jpg,750,500,bud,536,92,601,154
s605.jpg,750,500,bud,512,171,593,239
s605.jpg,750,500,bud,649,106,700,182
s605.jpg,750,500,bud,586,92,636,141
s6052.jpg,750,500,yellow,9,7,652,500
s6053.jpg,750,500,yellow,4,5,514,498
s606.jpg,750,500,yellow,9,5,208,253
s606.jpg,750,500,bud,450,250,496,325
s606.jpg,750,500,bud,385,141,449,185
s606.jpg,750,500,bud,453,162,480,207
s606.jpg,750,500,bud,478,165,522,213
s606.jpg,750,500,yellow,454,16,670,169
s606.jpg,750,500,yellow,295,210,446,348
s609.jpg,750,500,yellow,35,294,412,496
s609.jpg,750,500,yellow,114,105,449,283
s609.jpg,750,500,yellow,387,8,726,231
s609.jpg,750,500,yellow,47,12,397,110
s6100.jpg,750,500,yellow,122,139,723,500
s6108.jpg,750,500,bud,458,165,611,369
s6108.jpg,750,500,bud,203,6,362,217
s6108.jpg,750,500,yellow,69,219,655,500
s6108.jpg,750,500,yellow,399,16,682,191
s6108.jpg,750,500,bud,643,23,750,315
s6109.jpg,750,500,yellow,20,270,542,497
s6109.jpg,750,500,bud,5,16,77,202
s6116.jpg,750,500,yellow,17,3,679,456
s6117.jpg,750,500,yellow,14,5,554,382
s613.jpg,750,500,yellow,12,303,191,492
s613.jpg,750,500,yellow,7,22,85,179
s613.jpg,750,500,yellow,226,91,464,320
s613.jpg,750,500,yellow,358,302,510,470
s613.jpg,750,500,yellow,485,156,745,419
s613.jpg,750,500,yellow,490,67,717,232
s613.jpg,750,500,bud,25,185,79,248
s613.jpg,750,500,bud,68,116,155,179
s614.jpg,750,500,yellow,11,164,142,396
s614.jpg,750,500,yellow,424,151,572,347
s614.jpg,750,500,yellow,545,128,750,354
s6152.jpg,750,500,pod,8,130,427,467
s6152.jpg,750,500,pod,466,34,749,320
s6160.jpg,750,500,pod,279,170,405,390
s6160.jpg,750,500,pod,636,330,750,464
s6164.jpg,750,500,yellow,166,343,596,500
s6166.jpg,750,500,pod,144,256,375,473
s6166.jpg,750,500,pod,348,120,696,251
s6167.jpg,750,500,pod,85,156,186,313
s6167.jpg,750,500,pod,435,148,627,323
s6172.jpg,750,500,yellow,21,297,340,492
s6172.jpg,750,500,yellow,577,205,750,488
s6172.jpg,750,500,bud,459,201,558,374
s6172.jpg,750,500,bud,367,21,491,226
s6172.jpg,750,500,yellow,206,44,648,275
s6173.jpg,750,500,yellow,45,7,462,286
s6173.jpg,750,500,yellow,26,140,327,491
s6173.jpg,750,500,yellow,423,18,679,172
s6174.jpg,750,500,yellow,13,22,140,337
s618.jpg,750,500,yellow,73,13,420,271
s6180.jpg,750,500,yellow,90,19,418,310
s6180.jpg,750,500,yellow,457,22,750,492
s6181.jpg,750,500,yellow,1,40,243,471
s6181.jpg,750,500,yellow,241,12,638,269
s6228.jpg,750,500,white,46,72,496,485
s6228.jpg,750,500,white,269,16,665,296
s6236.jpg,750,500,white,122,102,739,476
s6240.jpg,750,500,pod,55,72,206,441
s6240.jpg,750,500,pod,235,1,555,418
s6247.jpg,750,500,pod,42,19,212,459
s6247.jpg,750,500,pod,437,199,731,500
s6248.jpg,750,500,pod,162,146,535,490
s625.jpg,750,500,yellow,112,237,342,397
s625.jpg,750,500,yellow,393,30,533,116
s625.jpg,750,500,yellow,546,9,728,157
s6255.jpg,750,500,pod,35,5,190,166
s6255.jpg,750,500,pod,380,23,496,207
s6257.jpg,750,500,pod,410,235,629,492
s6258.jpg,750,500,pod,69,80,648,495
s6262.jpg,750,500,pod,194,123,719,299
s6264.jpg,750,500,pod,130,204,299,488
s628.jpg,750,500,yellow,411,12,657,206
s628.jpg,750,500,bud,641,151,687,261
s628.jpg,750,500,bud,688,156,723,245
s628.jpg,750,500,bud,718,118,750,201
s629.jpg,750,500,yellow,42,212,228,387
s629.jpg,750,500,yellow,348,6,543,95
s6301.jpg,750,500,white,10,24,712,483
s6309.jpg,750,500,white,89,12,563,424
s632.jpg,750,500,yellow,26,367,253,495
s632.jpg,750,500,bud,115,222,183,276
s632.jpg,750,500,bud,165,249,230,323
s632.jpg,750,500,bud,177,183,363,266
s632.jpg,750,500,yellow,7,6,192,228
s635.jpg,750,500,yellow,272,70,578,398
s635.jpg,750,500,yellow,32,75,254,281
s635.jpg,750,500,bud,82,19,210,102
s6364.jpg,750,500,yellow,336,153,746,500
s6365.jpg,750,500,bud,27,244,144,340
s6365.jpg,750,500,bud,87,314,177,401
s6365.jpg,750,500,bud,151,286,213,354
s6365.jpg,750,500,bud,151,357,262,441
s6365.jpg,750,500,bud,2,299,89,422
s6365.jpg,750,500,bud,75,403,229,494
s6365.jpg,750,500,bud,289,277,444,469
s6365.jpg,750,500,bud,151,124,282,329
s6365.jpg,750,500,bud,14,138,153,284
s6365.jpg,750,500,yellow,22,7,575,226
s6365.jpg,750,500,yellow,582,307,749,500
s6366.jpg,750,500,yellow,27,191,351,500
s637.jpg,750,500,yellow,284,94,434,252
s637.jpg,750,500,yellow,437,140,635,332
s637.jpg,750,500,yellow,405,387,561,497
s6372.jpg,750,500,yellow,317,8,744,137
s6373.jpg,750,500,yellow,163,25,718,485
s6381.jpg,750,500,yellow,23,9,456,322
s641.jpg,750,500,white,22,260,193,466
s641.jpg,750,500,pod,19,104,219,234
s641.jpg,750,500,pod,139,21,415,107
s641.jpg,750,500,pod,307,140,587,304
s641.jpg,750,500,white,601,166,750,364
s6418.jpg,750,500,yellow,289,194,686,471
s642.jpg,750,500,pod,191,177,675,358
s642.jpg,750,500,pod,297,186,579,268
s642.jpg,750,500,pod,296,309,577,390
s642.jpg,750,500,pod,234,359,531,488
s642.jpg,750,500,white,12,174,136,478
s6420.jpg,750,500,bud,490,98,632,252
s6420.jpg,750,500,bud,530,184,643,371
s6420.jpg,750,500,bud,344,366,537,497
s6420.jpg,750,500,yellow,132,4,535,328
s6421.jpg,750,500,bud,20,148,126,403
s6421.jpg,750,500,yellow,80,181,522,482
s6426.jpg,750,500,yellow,282,21,696,291
s6427.jpg,750,500,yellow,98,24,405,442
s6428.jpg,750,500,yellow,24,29,381,456
s6428.jpg,750,500,yellow,368,145,746,496
s6429.jpg,750,500,yellow,17,20,285,388
s6429.jpg,750,500,yellow,349,383,653,500
s643.jpg,750,500,white,224,146,407,280
s643.jpg,750,500,white,127,285,323,451
s643.jpg,750,500,white,17,327,133,431
s643.jpg,750,500,pod,423,289,530,455
s643.jpg,750,500,pod,565,395,651,493
s643.jpg,750,500,pod,134,339,231,459
s643.jpg,750,500,pod,182,260,259,406
s6432.jpg,750,500,yellow,145,208,700,486
s6434.jpg,750,500,yellow,521,13,748,409
s6435.jpg,750,500,yellow,360,41,598,317
s6435.jpg,750,500,yellow,17,34,304,424
s6436.jpg,750,500,yellow,378,22,727,270
s6436.jpg,750,500,yellow,199,251,750,497
s6437.jpg,750,500,yellow,117,43,715,377
s644.jpg,750,500,white,202,302,439,494
s644.jpg,750,500,bud,311,407,350,460
s644.jpg,750,500,bud,348,386,389,449
s644.jpg,750,500,white,321,291,511,414
s644.jpg,750,500,pod,102,222,182,485
s644.jpg,750,500,pod,288,288,325,377
s644.jpg,750,500,pod,530,101,698,430
s6448.jpg,750,500,yellow,359,58,740,474
s6448.jpg,750,500,yellow,11,12,135,297
s645.jpg,750,500,pod,136,211,249,369
s645.jpg,750,500,pod,143,114,181,360
s645.jpg,750,500,pod,132,19,209,159
s645.jpg,750,500,pod,40,14,123,149
s645.jpg,750,500,pod,242,282,377,436
s645.jpg,750,500,pod,472,403,523,496
s645.jpg,750,500,white,237,4,444,128
s646.jpg,750,500,white,231,141,460,418
s646.jpg,750,500,white,97,371,305,486
s646.jpg,750,500,white,20,165,175,283
s647.jpg,750,500,pod,18,106,131,379
s647.jpg,750,500,pod,41,207,161,312
s647.jpg,750,500,pod,66,286,173,417
s647.jpg,750,500,pod,96,305,218,416
s647.jpg,750,500,white,105,369,267,489
s647.jpg,750,500,pod,181,377,294,492
s647.jpg,750,500,pod,276,437,373,495
s647.jpg,750,500,pod,390,368,449,487
s647.jpg,750,500,white,440,297,680,476
s647.jpg,750,500,pod,631,410,679,493
s648.jpg,750,500,white,21,256,213,473
s648.jpg,750,500,pod,187,74,345,249
s648.jpg,750,500,pod,328,101,518,215
s648.jpg,750,500,pod,237,195,497,309
s648.jpg,750,500,pod,140,365,316,488
s6484.jpg,750,500,yellow,470,237,750,494
s6485.jpg,750,500,yellow,27,75,601,482
s649.jpg,750,500,white,91,238,334,421
s649.jpg,750,500,white,117,78,277,175
s649.jpg,750,500,white,386,8,602,82
s649.jpg,750,500,white,476,327,679,489
s649.jpg,750,500,bud,384,403,497,489
s6492.jpg,750,500,yellow,332,77,750,475
s6492.jpg,750,500,yellow,44,95,418,476
s6493.jpg,750,500,bud,363,253,502,410
s6493.jpg,750,500,bud,495,266,610,388
s6493.jpg,750,500,bud,456,367,587,480
s6493.jpg,750,500,bud,563,339,727,500
s6493.jpg,750,500,bud,387,145,585,291
s6493.jpg,750,500,bud,549,137,750,334
s6493.jpg,750,500,yellow,7,3,491,495
s650.jpg,750,500,white,111,40,380,213
s650.jpg,750,500,white,271,74,596,394
s650.jpg,750,500,white,109,207,525,471
s650.jpg,750,500,white,468,57,708,230
s6500.jpg,750,500,yellow,24,20,687,339
s6501.jpg,750,500,bud,340,15,523,148
s6501.jpg,750,500,yellow,63,93,741,476
s6509.jpg,750,500,yellow,229,12,564,277
s651.jpg,750,500,pod,555,32,737,121
s651.jpg,750,500,white,53,12,261,145
s651.jpg,750,500,pod,438,180,548,412
s651.jpg,750,500,pod,397,252,470,404
s651.jpg,750,500,pod,92,238,240,340
s651.jpg,750,500,pod,97,392,210,500
s652.jpg,750,500,white,191,13,466,141
s652.jpg,750,500,white,385,18,637,200
s652.jpg,750,500,white,633,78,739,233
s652.jpg,750,500,pod,75,246,359,339
s652.jpg,750,500,pod,303,402,424,495
s652.jpg,750,500,white,418,245,630,412
s652.jpg,750,500,pod,479,361,530,458
s652.jpg,750,500,pod,466,223,522,359
s652.jpg,750,500,pod,525,406,625,484
s6529.jpg,750,500,white,364,11,736,150
s653.jpg,750,500,pod,48,109,342,198
s653.jpg,750,500,pod,450,157,659,287
s653.jpg,750,500,white,355,139,514,284
s6530.jpg,750,500,yellow,22,16,208,248
s6530.jpg,750,500,yellow,277,1,502,185
s6532.jpg,750,500,pod,185,140,435,325
s6534.jpg,750,500,pod,430,26,560,219
s6538.jpg,750,500,pod,34,61,342,240
s6538.jpg,750,500,pod,488,52,750,280
s6538.jpg,750,500,pod,567,52,750,139
s654.jpg,750,500,pod,14,110,218,262
s654.jpg,750,500,pod,19,293,170,398
s654.jpg,750,500,pod,178,371,288,471
s654.jpg,750,500,pod,441,15,502,246
s654.jpg,750,500,pod,452,165,550,330
s654.jpg,750,500,pod,581,61,723,171
s654.jpg,750,500,bud,445,348,532,429
s654.jpg,750,500,bud,358,245,439,327
s654.jpg,750,500,bud,435,231,498,289
s654.jpg,750,500,bud,467,204,528,255
s6540.jpg,750,500,pod,232,304,639,456
s655.jpg,750,500,pod,188,234,340,403
s655.jpg,750,500,pod,532,238,707,348
s655.jpg,750,500,pod,11,214,193,341
s6554.jpg,750,500,white,51,48,449,356
s6555.jpg,750,500,white,30,192,534,477
s656.jpg,750,500,pod,62,390,203,461
s656.jpg,750,500,pod,191,321,330,407
s656.jpg,750,500,pod,12,210,112,344
s6565.jpg,750,500,white,273,102,707,469
s6566.jpg,750,500,pod,304,304,466,475
s657.jpg,750,500,white,44,60,214,223
s657.jpg,750,500,white,20,225,198,430
s657.jpg,750,500,white,193,161,339,296
s657.jpg,750,500,white,395,27,535,227
s657.jpg,750,500,white,532,125,693,259
s657.jpg,750,500,white,432,323,624,496
s657.jpg,750,500,pod,352,164,474,350
s657.jpg,750,500,pod,40,257,249,347
s657.jpg,750,500,bud,549,15,617,111
s657.jpg,750,500,bud,579,12,664,76
s6571.jpg,750,500,white,153,61,711,450
s6572.jpg,750,500,white,360,28,750,440
s6573.jpg,750,500,bud,205,309,383,440
s6573.jpg,750,500,bud,296,38,499,207
s6573.jpg,750,500,white,6,1,203,383
s6573.jpg,750,500,white,515,45,750,463
s658.jpg,750,500,pod,82,164,195,319
s658.jpg,750,500,pod,180,115,270,278
s658.jpg,750,500,pod,282,206,391,268
s658.jpg,750,500,pod,278,310,345,487
s658.jpg,750,500,pod,205,295,526,431
s658.jpg,750,500,pod,651,247,750,322
s658.jpg,750,500,pod,654,373,750,469
s658.jpg,750,500,pod,656,357,713,486
s658.jpg,750,500,white,324,105,564,307
s658.jpg,750,500,white,299,13,597,161
s6581.jpg,750,500,white,60,51,439,314
s6581.jpg,750,500,white,308,131,748,495
s659.jpg,750,500,pod,283,199,558,284
s659.jpg,750,500,pod,381,273,679,331
s659.jpg,750,500,pod,301,38,593,124
s659.jpg,750,500,pod,306,5,414,30
s659.jpg,750,500,pod,464,5,703,37
s659.jpg,750,500,pod,35,141,264,204
s659.jpg,750,500,pod,261,188,577,281
s659.jpg,750,500,pod,86,282,307,413
s659.jpg,750,500,white,438,192,623,368
s659.jpg,750,500,white,502,288,713,472
s6598.jpg,750,500,pod,41,248,624,473
s660.jpg,750,500,white,10,330,163,496
s660.jpg,750,500,white,151,308,343,482
s660.jpg,750,500,white,385,276,616,409
s660.jpg,750,500,pod,159,126,384,259
s660.jpg,750,500,pod,52,88,321,166
s660.jpg,750,500,pod,453,149,554,287
s660.jpg,750,500,pod,582,190,628,326
s660.jpg,750,500,pod,499,278,582,331
s660.jpg,750,500,pod,641,296,704,373
s661.jpg,750,500,pod,132,236,213,427
s661.jpg,750,500,pod,286,119,625,206
s661.jpg,750,500,pod,596,22,735,222
s661.jpg,750,500,pod,543,377,732,488
s661.jpg,750,500,pod,204,10,343,121
s661.jpg,750,500,pod,13,223,48,391
s662.jpg,750,500,bud,96,269,162,371
s662.jpg,750,500,pod,493,264,608,371
s662.jpg,750,500,pod,399,358,588,474
s662.jpg,750,500,pod,33,153,261,216
s662.jpg,750,500,pod,9,212,352,269
s6628.jpg,750,500,yellow,297,101,748,488
s6629.jpg,750,500,yellow,66,149,366,500
s6629.jpg,750,500,yellow,531,27,739,487
s663.jpg,750,500,pod,372,139,543,214
s6630.jpg,750,500,yellow,9,22,336,420
s6637.jpg,750,500,yellow,12,32,487,492
s6637.jpg,750,500,yellow,470,12,732,143
s665.jpg,750,500,white,200,51,448,274
s665.jpg,750,500,white,431,19,636,282
s665.jpg,750,500,white,226,261,530,430
s665.jpg,750,500,pod,620,252,724,462
s665.jpg,750,500,pod,586,75,738,173
s665.jpg,750,500,pod,661,138,750,208
s665.jpg,750,500,pod,631,22,741,111
s6657.jpg,750,500,pod,138,7,602,221
s6657.jpg,750,500,pod,334,146,565,435
s666.jpg,750,500,pod,52,96,240,228
s666.jpg,750,500,pod,371,71,462,203
s666.jpg,750,500,pod,523,121,695,368
s667.jpg,750,500,white,388,14,659,211
s667.jpg,750,500,pod,256,121,323,236
s667.jpg,750,500,pod,40,201,237,281
s667.jpg,750,500,pod,52,129,126,238
s6684.jpg,750,500,yellow,233,31,736,448
s6685.jpg,750,500,yellow,4,7,470,479
s669.jpg,750,500,pod,276,195,360,336
s669.jpg,750,500,pod,12,166,332,291
s669.jpg,750,500,pod,177,410,249,480
s669.jpg,750,500,pod,250,373,414,455
s669.jpg,750,500,pod,512,103,573,320
s669.jpg,750,500,white,605,21,743,310
s669.jpg,750,500,white,290,59,477,234
s669.jpg,750,500,white,176,203,418,356
s6693.jpg,750,500,yellow,34,66,498,500
s6693.jpg,750,500,yellow,350,30,743,328
s670.jpg,750,500,white,16,276,246,444
s670.jpg,750,500,white,282,318,529,497
s670.jpg,750,500,white,5,14,130,241
s670.jpg,750,500,white,103,139,245,268
s670.jpg,750,500,white,118,52,225,151
s670.jpg,750,500,pod,512,29,727,184
s670.jpg,750,500,pod,254,80,512,166
s671.jpg,750,500,pod,30,86,121,260
s671.jpg,750,500,pod,143,226,275,495
s671.jpg,750,500,pod,160,97,254,278
s671.jpg,750,500,pod,88,30,287,175
s671.jpg,750,500,pod,254,3,423,53
s671.jpg,750,500,white,228,56,396,289
s671.jpg,750,500,yellow,502,259,718,452
s672.jpg,750,500,pod,33,205,176,331
s6722.jpg,750,500,pod,379,232,735,464
s6723.jpg,750,500,pod,143,153,414,457
s674.jpg,750,500,pod,414,67,573,229
s674.jpg,750,500,pod,182,225,288,338
s674.jpg,750,500,pod,243,116,349,215
s674.jpg,750,500,pod,312,209,486,268
s674.jpg,750,500,pod,606,100,734,168
s674.jpg,750,500,pod,279,365,522,467
s674.jpg,750,500,pod,573,217,740,410
s674.jpg,750,500,pod,454,248,669,331
s674.jpg,750,500,pod,266,19,371,153
s674.jpg,750,500,white,86,15,250,91
s674.jpg,750,500,white,37,106,173,216
s6749.jpg,750,500,white,96,59,745,490
s676.jpg,750,500,white,118,152,370,384
s676.jpg,750,500,white,401,102,716,434
s676.jpg,750,500,pod,490,23,549,93
s676.jpg,750,500,pod,37,15,115,54
s676.jpg,750,500,pod,230,404,304,486
s676.jpg,750,500,pod,101,416,189,485
s676.jpg,750,500,pod,382,310,454,411
s6762.jpg,750,500,pod,436,79,699,459
s6765.jpg,750,500,white,126,18,726,463
s6766.jpg,750,500,pod,425,19,723,172
s677.jpg,750,500,bud,26,96,81,151
s677.jpg,750,500,bud,76,118,113,158
s677.jpg,750,500,bud,82,67,133,121
s677.jpg,750,500,bud,142,94,189,154
s677.jpg,750,500,bud,206,121,285,195
s677.jpg,750,500,white,434,116,603,261
s677.jpg,750,500,pod,239,224,277,405
s677.jpg,750,500,pod,445,26,677,102
s677.jpg,750,500,pod,435,6,491,78
s677.jpg,750,500,pod,253,17,331,93
s6770.jpg,750,500,pod,564,279,740,377
s6778.jpg,750,500,pod,478,190,747,424
s6780.jpg,750,500,pod,143,233,369,484
s6780.jpg,750,500,pod,159,100,330,241
s679.jpg,750,500,pod,44,26,140,204
s679.jpg,750,500,pod,238,28,330,182
s679.jpg,750,500,pod,220,323,353,373
s679.jpg,750,500,pod,278,410,449,474
s6791.jpg,750,500,yellow,25,12,260,294
s6803.jpg,750,500,yellow,294,152,663,477
s6804.jpg,750,500,yellow,41,82,309,412
s6812.jpg,750,500,yellow,241,187,742,497
s6812.jpg,750,500,yellow,28,7,325,94
s682.jpg,750,500,white,103,237,336,451
s682.jpg,750,500,bud,289,312,362,369
s682.jpg,750,500,bud,332,286,408,357
s682.jpg,750,500,bud,131,418,221,473
s682.jpg,750,500,bud,487,78,544,140
s682.jpg,750,500,white,436,198,695,457
s682.jpg,750,500,white,557,21,744,189
s682.jpg,750,500,white,331,127,515,279
s6820.jpg,750,500,yellow,16,255,316,500
s6820.jpg,750,500,yellow,404,102,750,464
s6820.jpg,750,500,bud,623,5,702,149
s6820.jpg,750,500,bud,476,12,576,97
s6820.jpg,750,500,yellow,330,98,489,343
s6821.jpg,750,500,yellow,52,77,492,491
s683.jpg,750,500,white,118,321,372,496
s683.jpg,750,500,white,408,253,596,460
s683.jpg,750,500,pod,369,267,475,367
s683.jpg,750,500,pod,84,95,179,223
s683.jpg,750,500,pod,131,57,259,242
s683.jpg,750,500,pod,615,298,750,407
s6833.jpg,750,500,yellow,18,18,421,332
s6833.jpg,750,500,yellow,337,66,724,259
s684.jpg,750,500,white,177,116,422,352
s684.jpg,750,500,white,257,25,478,200
s684.jpg,750,500,yellow,41,20,196,129
s684.jpg,750,500,pod,43,144,179,227
s684.jpg,750,500,pod,6,152,40,210
s684.jpg,750,500,pod,408,215,482,318
s684.jpg,750,500,pod,642,177,720,230
s684.jpg,750,500,pod,506,222,731,319
s684.jpg,750,500,pod,405,388,512,438
s684.jpg,750,500,pod,216,427,371,500
s685.jpg,750,500,white,125,230,281,392
s685.jpg,750,500,white,268,200,381,341
s685.jpg,750,500,white,387,83,514,236
s685.jpg,750,500,white,630,122,744,307
s685.jpg,750,500,white,658,305,750,460
s685.jpg,750,500,pod,119,112,178,266
s685.jpg,750,500,pod,217,159,278,240
s685.jpg,750,500,pod,296,197,410,281
s685.jpg,750,500,pod,390,258,482,320
s685.jpg,750,500,pod,449,92,596,287
s685.jpg,750,500,pod,550,245,701,420
s685.jpg,750,500,pod,566,9,636,80
s685.jpg,750,500,pod,612,31,674,96
s685.jpg,750,500,pod,81,25,262,74
s685.jpg,750,500,pod,293,20,347,57
s685.jpg,750,500,pod,244,11,283,197
s6850.jpg,750,500,yellow,196,240,730,497
s6852.jpg,750,500,pod,27,311,142,479
s6853.jpg,750,500,bud,467,393,511,488
s6853.jpg,750,500,bud,512,425,553,484
s6853.jpg,750,500,bud,528,383,600,468
s6853.jpg,750,500,bud,504,309,608,408
s6853.jpg,750,500,yellow,203,301,505,487
s6854.jpg,750,500,pod,90,25,234,341
s6854.jpg,750,500,pod,244,82,418,321
s6854.jpg,750,500,pod,17,60,144,141
s6855.jpg,750,500,pod,68,284,430,427
s6856.jpg,750,500,pod,195,12,403,270
s6856.jpg,750,500,pod,40,73,236,207
s6856.jpg,750,500,yellow,21,239,370,487
s6858.jpg,750,500,yellow,436,264,736,492
s6858.jpg,750,500,yellow,204,15,504,121
s686.jpg,750,500,white,7,46,144,239
s686.jpg,750,500,bud,55,234,113,284
s686.jpg,750,500,white,15,291,168,410
s686.jpg,750,500,pod,174,178,280,261
s686.jpg,750,500,pod,204,214,349,283
s686.jpg,750,500,pod,413,104,590,229
s686.jpg,750,500,pod,512,49,591,142
s686.jpg,750,500,pod,288,343,418,407
s686.jpg,750,500,pod,211,400,475,496
s686.jpg,750,500,pod,146,436,255,485
s686.jpg,750,500,pod,532,391,625,486
s6860.jpg,750,500,yellow,400,180,590,478
s6860.jpg,750,500,yellow,551,47,750,436
s6863.jpg,750,500,yellow,416,118,736,382
s6865.jpg,750,500,yellow,99,265,481,491
s6867.jpg,750,500,pod,18,325,140,460
s6867.jpg,750,500,pod,199,138,566,422
s6867.jpg,750,500,yellow,217,80,437,233
s6868.jpg,750,500,pod,150,370,383,482
s6868.jpg,750,500,pod,354,338,561,423
s6868.jpg,750,500,pod,290,316,708,474
s6869.jpg,750,500,pod,13,129,230,181
s6869.jpg,750,500,yellow,127,266,442,494
s687.jpg,750,500,white,38,40,232,225
s687.jpg,750,500,pod,178,16,320,66
s687.jpg,750,500,pod,271,6,359,160
s687.jpg,750,500,pod,29,216,156,393
s687.jpg,750,500,pod,186,47,357,323
s687.jpg,750,500,pod,180,256,392,434
s6873.jpg,750,500,bud,130,127,232,260
s6873.jpg,750,500,bud,79,10,218,157
s6873.jpg,750,500,yellow,218,58,609,415
s6873.jpg,750,500,pod,224,364,342,494
s6873.jpg,750,500,pod,582,355,668,487
s6874.jpg,750,500,yellow,178,8,535,369
s6874.jpg,750,500,pod,42,343,181,473
s6877.jpg,750,500,yellow,58,205,448,500
s6878.jpg,750,500,pod,384,21,612,119
s6878.jpg,750,500,pod,166,165,322,351
s6878.jpg,750,500,pod,369,312,563,437
s6878.jpg,750,500,pod,148,1,376,51
s6879.jpg,750,500,yellow,188,59,554,403
s6879.jpg,750,500,yellow,532,10,750,172
s6879.jpg,750,500,yellow,564,324,747,500
s688.jpg,750,500,white,14,51,183,212
s688.jpg,750,500,white,190,12,562,214
s6882.jpg,750,500,yellow,403,34,690,206
s6882.jpg,750,500,yellow,491,228,737,484
s6882.jpg,750,500,pod,85,202,460,416
s689.jpg,750,500,bud,478,263,653,361
s689.jpg,750,500,bud,570,243,722,360
s6890.jpg,750,500,pod,20,345,176,445
s6898.jpg,750,500,pod,190,241,363,466
s6898.jpg,750,500,pod,267,125,405,419
s691.jpg,750,500,white,4,66,124,197
s691.jpg,750,500,white,199,20,381,74
s691.jpg,750,500,white,235,78,485,238
s691.jpg,750,500,white,539,13,698,118
s691.jpg,750,500,bud,434,13,496,112
s6910.jpg,750,500,pod,132,67,615,346
